0, init, , init, init, init, init, init
1, init, , init, init, init, init, init
2, setup, , setup, setup, setup, setup, set_up
3, test_healthcheck, , test_healthcheck, test_healthcheck, test_healthcheck, test_healthcheck, test_healthcheck
4, eq, , eq, eq, eq, eq, eq
5, open, , , , , , flopen
6, flakes, , , , , , test_closedover
7, test, , , , , , test_nonvariableinputarg
8, test, , , , , , test_switchtobodymode
9, init, , init, init, init, init, init
10, init, , init, init, init, init, init
11, getattribute, , getattr, getattribute, getattribute, getattribute, getattribute
12, get, , get, get, get, get, get
13, create, , create, create, create, create, create
14, set, , , , , , set_delegation
15, close, , close, close, close, close, close
16, create, , create, create, create, create, create
17, init, , init, init, init, init, init
18, add, , add, add, add, add, add
19, validate, , , , , , exit
20, displayhook, , , , , , test_selectitememptylist
21, update, , , , , , get_context_data
22, update, , , , , , init
23, str, , str, str, str, str, str
24, init, , init, init, init, init, init
25, get, , , , , , init
26, get, , , , , , get_absolute_url
27, encodeamazonheaders, , clean, clean, clean, clean, encodeamazonheaders
28, init, , init, init, init, init, init
29, call, , call, call, call, call, call
30, init, , init, init, init, init, init
31, update, , , , , , save
32, hash, , , , , , init
33, init, , init, init, init, init, init
34, run, , , , , , main
35, init, , init, init, init, init, init
36, init, , init, init, init, init, init
37, init, , init, init, init, init, init
38, import, , , , , , tryimport
39, get_parser, , get_parser, get_parser, get_parser, get_parser, get_parser
40, parse, , , , , , test_compile23
41, create, , create, create, create, create, create
42, tear_down, , tear_down, tear_down, tear_down, tear_down, tear_down
43, save, , save, save, save, save, save
44, repr, , repr, repr, str, str, repr
45, create, , create, create, create, create, create
46, init, , init, init, init, init, init
47, init, , init, init, init, init, init
48, parse, , , , , , test_parsestreamserverinet
49, create, , create, create, create, create, create
50, test, , , , , , test_i0
51, repr, , repr, repr, repr, repr, repr
52, run, , run, run, run, run, run
53, init, , init, init, init, init, init
54, test, , , , , , test_func1
55, start, , , , , , set_up
56, postprocessor, , , , , , test_postprocessor
57, calculate_model_predictions, , calculate_model_predictions, calculate_model_predictions, calculate_model_predictions, calculate_model_predictions, calculate_model_predictions
58, parse, , , , , , test_parsedate3
59, concatenate, , , , , , vstack
60, init, , init, init, init, init, init
61, init, , init, init, init, init, init
62, build_attributes, , build_attributes, build_attributes, build_attributes, build_attributes, build_attributes
63, create, , create, create, create, create, create
64, calculate_model_predictions, , calculate_model_predictions, calculate_model_predictions, calculate_model_predictions, calculate_model_predictions, calculate_model_predictions
65, init, , init, init, init, init, init
66, delete, , delete, delete, delete, delete, delete
67, init, , , , , , set_up
68, init, , init, init, init, init, init
69, getattr, , getattr, getattr, getattr, getattr, getattr
70, init, , init, init, init, init, init
71, init, , init, init, init, init, init
72, str, , str, str, str, str, str
73, add, , , , , , forwards
74, write, , write, write, write, write, write
75, init, , init, init, init, init, init
76, init, , init, init, init, init, init
77, remove, , , , , , nopackage
78, import, , , , , , set_up
79, write, , , , , , output_unchecked
80, create, , create, create, create, create, create
81, init, , init, init, init, init, init
82, init, , init, init, init, init, init
83, create, , create, create, create, create, create
84, validate, , , , , , init
85, test, , , , , , test_func1
86, init, , init, init, init, init, init
87, test, , , , , , test_cbrt
88, init, , init, init, init, init, init
89, get, , get, get, get, get, get
90, streamline, , streamline, streamline, streamline, streamline, streamline
91, init, , init, init, init, init, init
92, test, , , , , , test_i0e
93, get_scheduledaction3, , get_scheduledaction3, get_scheduledaction3, get_scheduledaction3, get_scheduledaction3, get_scheduledaction3
94, init, , init, init, init, init, init
95, call, , , , , , eq
96, init, , , , , , set_up
97, initialize, , , , , , test_setlayerparamsdict
98, test, , , , , , test_gammaincc
99, equals, , eq, eq, eq, eq, eq
100, validate, , , , , , virtual
101, create, , create, create, create, create, create
102, remove, , , , , , backwards
103, init, , init, init, init, init, init
104, join, , , , , , str
105, setup, , setup, setup, setup, setup, set_up
106, test, , , , , , test_todos
107, init, , , , , , set_up
108, test_voided, , test_voided, test_voided, test_voided, test_voided, test_voided
109, init, , init, init, init, init, init
110, init, , init, init, init, init, init
111, setup, , setup, setup, setup, setup, set_up
112, append, , , , , , visit_hlist
113, remove, , remove, remove, remove, remove, remove
114, setup, , setup, setup, setup, setup, set_up
115, create, , create, create, create, create, create
116, setup, , setup, setup, setup, setup, set_up
117, init, , init, init, init, init, init
118, get_parser, , get_parser, get_parser, get_parser, get_parser, get_parser
119, encode, , , , , , getregentry
120, validate, , , , , , init
121, add, , , , , , tslash
122, update, , , , , , backwards
123, init, , init, init, init, init, init
124, init, , init, init, init, init, init
125, hash, , hash, hash, hash, hash, hash
126, init, , init, init, init, init, init
127, create, , create, create, create, create, create
128, create, , create, create, create, create, create
129, write, , , , , , test_writecallsloggerwrite
130, get, , , , , , repr
131, test_setcomprehensionandliteral, , clean, clean, clean, clean, test_setcomprehensionandliteral
132, save, , save, save, save, save, save
133, get, , , , , , gluestate
134, test, , , , , , test_stopproducingraises
135, init, , init, init, init, init, init
136, init, , init, init, init, init, init
137, init, , init, init, init, init, init
138, init, , init, init, init, init, init
139, init, , init, init, init, init, init
140, len, , , , , , repr
141, remove, , , , , , test_remove
142, url, , get, get, url, url, url
143, remove, , , , , , delete
144, open, , , , , , is_elf
145, init, , init, init, init, init, init
146, get, , get, get, get, get, get
147, close, , , , , , exit
148, init, , init, init, init, init, init
149, wraptext, , wraptext, wraptext, wraptext, wraptext, wraptext
150, init, , init, init, init, init, init
151, init, , init, init, init, init, init
152, get, , , , , , test_get
153, setup, , setup, setup, setup, setup, set_up
154, init, , init, init, init, init, init
155, test, , , , , , test_2017
156, getcallargs, , getcallargs, getcallargs, getcallargs, getcallargs, getcallargs
157, update, , update, update, update, update, update
158, parse, , parse, parse, parse, parse, parse
159, init, , init, init, init, init, init
160, call, , call, call, call, call, call
161, create, , create, create, create, create, create
162, parse, , parse, parse, parse, parse, parse
163, init, , init, init, init, init, init
164, add, , , , , , forwards
165, init, , init, init, init, init, init
166, save, , , , , , main
167, decorate, , , , , , contentcmd
168, setup, , setup, setup, setup, setup, set_up
169, calculate_model_predictions, , calculate_model_predictions, calculate_model_predictions, calculate_model_predictions, calculate_model_predictions, calculate_model_predictions
170, send, , , , , , add
171, wraptext, , , , , , init
172, init, , init, init, init, init, init
173, init, , init, init, init, init, init
174, parse, , , , , , test_simpletcp
175, colorstr, , colorstr, colorstr, colorstr, colorstr, colorstr
176, test, , , , , , test_arrows
177, grantmoderator, , , , , , test_grantmoderator
178, create, , create, create, create, create, create
179, test, , , , , , test_lpmv
180, init, , init, init, init, init, init
181, init, , init, init, init, init, init
182, init, , init, init, init, init, init
183, init, , init, init, init, init, init
184, init, , init, init, init, init, init
185, get, , , , , , unicode
186, remove, , , , , , downgrade
187, init, , init, init, init, init, init
188, init, , init, init, init, init, init
189, get, , , , , , date
190, init, , init, init, init, init, init
191, validate, , , , , , is_initialized
192, setup, , setup, setup, setup, setup, set_up
193, test, , , , , , test_faker
194, init, , init, init, init, init, init
195, create, , create, create, create, create, create
196, init, , init, init, init, init, init
197, seasonal, , seasonal, seasonal, seasonal, seasonal, seasonal
198, delete, , delete, delete, delete, delete, delete
199, init, , init, init, init, init, init
200, read, , read, read, read, read, read
201, linspace, , linspace, linspace, linspace, linspace, linspace
202, get, , , , , , repr
203, validate, , , , , , isnonterminal
204, write, , write, write, write, write, write
205, init, , init, init, init, init, init
206, init, , init, init, init, init, init
207, create, , create, create, create, create, create
208, init, , init, init, init, init, init
209, str, , , , , , repr
210, init, , init, init, init, init, init
211, init, , , , , , set_up
212, patch, , , , , , test_userargs
213, init, , init, init, init, init, init
214, validate, , , , , , init
215, get, , , , , , waitables
216, compile, , , , , , test_sourcemap
217, setup, , setup, setup, setup, setup, set_up
218, save, , , , , , set_up
219, setattr, , setattr, setattr, setattr, setattr, set
220, run, , run, test, test, run, run
221, stop, , , , , , tear_down
222, create, , , , , , set_up
223, clean, , , , , , test_postclasscleanupwithselectableerrors
224, test, , , , , , test_noheadercallback
225, hash, , hash, hash, hash, hash, hash
226, emphasis, , emphasis, emphasis, emphasis, emphasis, emphasis
227, setup, , setup, setup, setup, setup, setup
228, setattr, , setattr, setattr, setattr, setattr, setattr
229, init, , init, init, init, init, init
230, create, , create, create, create, create, create
231, clean, , clean, clean, clean, clean, clean
232, getattr, , getattr, getattr, getattr, getattr, getattr
233, test_pixel2world, , test_pixel2world, test, test_pixel2world, test, test_pixel2world
234, fov_permissive, , fov_permissive, fov_permissive, fov_permissive, fov_permissive, fov_permissive
235, init, , init, init, init, init, init
236, init, , init, init, init, init, init
237, onkeypress, , set, bind, set, set, onkeypress
238, init, , init, init, init, init, init
239, get, , , , , , unicode
240, init, , init, init, init, init, init
241, init, , init, init, init, init, init
242, init, , init, init, init, init, init
243, create, , create, create, create, create, create
244, get, , , , , , repr
245, update, , , , , , forwards
246, reconnect, , , , , , test_connectdisconnectedreconnectimmediately
247, notify, , , , , , test_notifypublishcollection
248, get_parser, , get_parser, get_parser, get_parser, get_parser, get_parser
249, close, , , , , , exit
250, lt, , lt, lt, lt, lt, lt
251, setup, , setup, setup, setup, setup, set_up
252, init, , , , , , set_up
253, connect, , , , , , setup
254, save, , save, save, save, save, save
255, incref, , incref, incref, incref, incref, incref
256, init, , init, init, init, init, init
257, getfuncargnames, , getfuncargnames, getfuncargnames, getfuncargnames, getfuncargnames, getfuncargnames
258, setup, , setup, setup, setup, setup, set_up
259, getitem, , getitem, getitem, getitem, getitem, getitem
260, iter, , iter, iter, iter, iter, iter
261, restore, , , , , , tear_down
262, test, , , , , , test_createnodewithsender
263, init, , init, init, init, init, init
264, init, , init, init, init, init, init
265, init, , init, init, init, init, init
266, set, , , , , , test_setters
267, remove, , , , , , test_contentscopies
268, test_classnamedefinedpreviously, , clean, clean, validate, validate, test_classnamedefinedpreviously
269, add_field, , add_field, add_field, add_field, add_field, add_field
270, calculate, , , , , , byte_size
271, formfield, , formfield, formfield, formfield, formfield, formfield
272, difference, , , , , , newdir
273, init, , init, init, init, init, init
274, init, , init, init, init, init, init
275, get, , get, get, get, get, get
276, init, , init, init, init, init, init
277, close, , close, close, close, close, close
278, init, , init, init, init, init, init
279, create, , create, create, create, create, create
280, remove, , , , , , backwards
281, setup, , setup, setup, setup, setup, set_up
282, delete, , , , , , backwards
283, deregister, , , , , , exit
284, substructures, , substructures, substructures, substructures, substructures, substructures
285, init, , , , , , set_up
286, redirect, , , , , , get
287, init, , init, init, init, init, init
288, get, , , , , , repr
289, init, , init, init, init, init, init
290, bincount, , bincount, bincount, bincount, bincount, bincount
291, test, , , , , , test_bigrand
292, init, , init, init, init, init, init
293, str, , , , , , repr
294, init, , init, init, init, init, init
295, uncamel, , uncamel, uncamel, uncamel, uncamel, uncamel
296, open, , open, open, open, open, open
297, set, , , , , , init
298, init, , init, init, init, init, init
299, init, , init, init, init, init, init
300, append, , , , , , init
301, init, , setup, setup, setup, setup, init
302, clear, , clear, clear, clear, clear, clear
303, init, , init, init, init, init, init
304, delete, , delete, delete, delete, delete, delete
305, calculate_model_predictions, , calculate_model_predictions, calculate_model_predictions, calculate_model_predictions, calculate_model_predictions, calculate_model_predictions
306, init, , init, init, init, init, init
307, str, , clean, clean, str, debug, str
308, init, , init, init, init, init, init
309, init, , init, init, init, init, init
310, init, , , , , , set_up
311, hash, , hash, hash, hash, hash, hash
312, read, , , , , , init
313, init, , init, init, init, init, init
314, run, , , , , , test_main
315, setup, , setup, setup, setup, setup, set_up
316, unprotect, , , , , , test_unprotect
317, init, , init, init, init, init, init
318, init, , init, init, init, init, init
319, init, , init, init, init, init, init
320, create, , create, create, create, create, create
321, isidentifier, , , , , , test_colorsandweights
322, test, , , , , , test_centos6
323, calculate_model_predictions, , , , , , loglikeobs
324, groupby, , , , , , test_groupby
325, init, , init, init, init, init, init
326, raycast, , raycast, raycast, raycast, raycast, raycast
327, init, , init, init, init, init, init
328, repr, , tryimport, try, build, repr, repr
329, test, , , , , , test_nrdtrisd
330, init, , init, init, parse, parse, init
331, init, , , , , , set_up
332, split, , , , , , statetoken
333, init, , init, init, init, init, init
334, init, , init, init, init, init, init
335, forwards, , update, update, update, update, forwards
336, read, , , , , , get_version
337, set, , , , , , test_setters
338, padarray, , padarray, padarray, padarray, padarray, padarray
339, init, , init, init, init, init, init
340, init, , init, init, init, init, init
341, delete, , , , , , backwards
342, test, , , , , , test_main
343, getframeinfo, , getframeinfo, getframeinfo, getframeinfo, getframeinfo, getframeinfo
344, init, , init, init, init, init, init
345, eq, , eq, eq, eq, eq, eq
346, visit, , , , , , visit_vardecl
347, stop, , stop, stop, stop, stop, stop
348, get, , , , , , test_5516
349, init, , init, init, init, init, init
350, init, , , , , , set_up
351, init, , init, init, init, init, init
352, init, , , , , , set_up
353, init, , init, init, init, init, init
354, init, , init, init, init, init, init
355, validate, , , , , , opportunity
356, tear_down, , tear_down, tear_down, tear_down, tear_down, tear_down
357, create, , create, create, create, create, create
358, remove, , , , , , exit
359, typewrite, , typewrite, typewrite, typewrite, typewrite, typewrite
360, init, , reset, init, init, init, init
361, init, , init, init, init, init, init
362, remove, , , , , , backwards
363, batchdatastoreop, , batchdatastoreop, batchdatastoreop, batchdatastoreop, batchdatastoreop, batchdatastoreop
364, init, , init, init, init, init, init
365, get, , get, get, get, get, get
366, stop, , , , , , tear_down
367, setup, , setup, setup, setup, setup, set_up
368, create, , create, create, create, create, create
369, init, , init, init, init, init, init
370, init, , init, init, init, init, init
371, init, , init, init, init, init, init
372, eq, , eq, eq, eq, eq, eq
373, init, , init, init, init, init, init
374, add, , , , , , forwards
375, init, , init, init, init, init, init
376, create, , create, create, create, create, create
377, serialize, , , , , , str
378, test, , , , , , test_ledger
379, parse, , , , , , test
380, showtells, , showtells, showtells, showtells, showtells, showtells
381, test_extrabytespassedback, , clean, clean, test_extrabytespassedback, test_extrabytespassedback, test_extrabytespassedback
382, calculate, , , , , , specific_code_cpp
383, remove, , , , , , tear_down
384, setup, , delete, delete, delete, delete, set_up
385, init, , init, init, init, init, init
386, init, , init, init, init, init, init
387, init, , init, init, init, init, init
388, setup, , setup, setup, setup, setup, set_up
389, get, , get, get, get, get, get
390, repr, , repr, repr, repr, repr, repr
391, init, , init, init, read, init, init
392, run, , run, run, run, run, run
393, init, , init, init, init, init, init
394, init, , init, init, init, init, init
395, init, , , , , , set_up
396, load, , , , , , test_acovf2d
397, update, , , , , , init
398, test, , , , , , test_signdatacallbackerrorhandling
399, setup, , setup, setup, setup, setup, set_up
400, init, , init, init, init, init, init
401, init, , init, init, init, init, init
402, test, , , , , , test_logstderr
403, init, , init, init, init, init, init
404, validate, , , , , , test_maxiter
405, create, , create, create, create, create, create
406, init, , init, init, init, init, init
407, init, , init, init, init, init, init
408, close, , close, close, close, close, close
409, setup, , setup, setup, setup, setup, set_up
410, sum, , , , , , len
411, init, , , , , , set_up
412, setup, , authenticate, authenticate, authenticate, setup, set_up
413, memo, , wrap, wrap, memo, memo, memo
414, test, , , , , , test_finishedwitherrorwheninitial
415, displayhook, , write, displayhook, write, displayhook, displayhook
416, init, , init, init, update, update, init
417, request, , , , , , test_voice
418, create, , create, create, create, create, create
419, init, , init, init, init, init, init
420, create, , create, create, create, create, create
421, postorder, , postorder, postorder, postorder, postorder, postorder
422, get, , , , , , contains
423, test, , , , , , test_sense
424, hash, , , , , , init
425, get, , , , , , repr
426, join, , , , , , repr
427, init, , init, init, init, init, init
428, get, , , , , , deblock
429, calculate_model_predictions, , calculate_model_predictions, calculate_model_predictions, calculate_model_predictions, calculate_model_predictions, calculate_model_predictions
430, get, , get, get, get, get, get
431, init, , clean, init, init, init, init
432, init, , init, init, init, init, init
433, init, , init, init, init, init, init
434, init, , init, init, init, init, init
435, repr, , repr, repr, repr, repr, repr
436, calculate_model_predictions, , calculate_model_predictions, calculate_model_predictions, calculate_model_predictions, calculate_model_predictions, calculate_model_predictions
437, init, , init, init, init, init, init
438, parse, , parse, parse, parse, parse, parse
439, get, , , , , , repr
440, init, , init, init, init, init, init
441, request, , request, request, request, request, request
442, create, , create, create, create, create, create
443, init, , init, init, init, init, init
444, init, , init, init, init, init, init
445, iter, , , , , , itersolve
446, msearch, , msearch, msearch, msearch, msearch, msearch
447, init, , init, init, init, init, init
448, test_k0e, , test_k0e, test_k0e, test_k0e, test_k0e, test_k0e
449, loglikeobs, , , , , , exit
450, setup, , delete, delete, delete, setup, set_up
451, init, , init, init, init, init, init
452, init, , init, init, init, init, init
453, eq, , eq, eq, eq, eq, eq
454, pack, , , , , , init
455, init, , clean, clean, parse, init, init
456, clean, , clean, clean, clean, clean, clean
457, delete, , delete, delete, delete, delete, delete
458, create, , create, create, create, create, create
459, setattr, , setattr, setattr, setattr, setattr, setattr
460, train, , , , , , test_ae
461, setup, , setup, setup, setup, setup, set_up
462, str, , , , , , repr
463, write, , write, write, write, write, write
464, create, , create, create, create, create, create
465, init, , init, init, init, init, init
466, str, , str, clean, validate, validate, str
467, str, , , , , , repr
468, init, , init, init, init, init, init
469, validate, , validate, validate, validate, validate, validate
470, str, , , , , , repr
471, test, , , , , , test_combining
472, get, , , , , , repr
473, init, , , , , , set_up
474, run, , , , , , main
475, init, , init, init, init, init, init
476, eq, , eq, eq, eq, eq, eq
477, init, , , , , , set_up
478, setup, , setup, setup, setup, setup, set_up
479, create, , create, create, create, create, create
480, dispatch, , dispatch, dispatch, dispatch, dispatch, dispatch
481, init, , init, init, init, init, init
482, raise, , , , , , isidentifier
483, reverse, , , , , , set_up
484, init, , init, init, init, init, init
485, test, , , , , , test_sslpositionalargs
486, connect, , , , , , test_endpointconnectsuccess
487, get, , update, update, update, update, get
488, init, , init, init, init, init, init
489, init, , init, init, init, init, init
490, init, , init, init, init, init, init
491, setup, , setup, setup, setup, setup, set_up
492, create, , create, create, create, create, create
493, setattr, , , , , , init
494, create, , , , , , init
495, create, , create, create, create, create, create
496, init, , init, init, init, init, init
497, getitem, , getitem, getitem, getitem, getitem, getitem
498, create, , , , , , forwards
499, len, , , , , , str
500, test_kn, , test, test_kn, test, test_kn, test_kn
501, init, , init, init, init, init, init
502, init, , init, init, init, init, init
503, validate, , , , , , init
504, remove, , , , , , backwards
505, init, , init, init, init, init, init
506, init, , init, init, init, init, init
507, init, , init, init, init, init, init
508, magnitude, , magnitude, magnitude, magnitude, magnitude, magnitude
509, read, , read, read, read, read, read
510, compare, , , , , , releval
511, create, , create, create, create, create, create
512, create, , create, create, create, create, create
513, create, , create, create, create, create, create
514, create, , create, create, create, create, create
515, init, , init, init, init, init, init
516, validate, , , , , , test_checkparameters
517, init, , init, init, init, init, init
518, get, , , , , , call
519, multicall, , multicall, multicall, multicall, multicall, multicall
520, hash, , hash, hash, hash, hash, hash
521, set_up, , set_up, set_up, set_up, set_up, set_up
522, init, , init, init, init, init, init
523, hexewkb, , hexewkb, hexewkb, hexewkb, hexewkb, hexewkb
524, calculate_model_predictions, , calculate_model_predictions, calculate_model_predictions, calculate_model_predictions, calculate_model_predictions, calculate_model_predictions
525, init, , init, init, init, init, init
526, init, , init, init, init, init, init
527, validate, , validate, validate, validate, validate, validate
528, test, , , , , , test_setters
529, set_up, , set_up, set_up, set_up, set_up, set_up
530, init, , init, init, init, init, init
531, set_sshkey, , set_sshkey, set_sshkey, set_sshkey, set_sshkey, set_sshkey
532, iter, , iter, iter, iter, iter, iter
533, get_context_data, , get_context_data, get_context_data, get_context_data, get_context_data, get_context_data
534, lagrange, , , , , , test_lagrange
535, test, , , , , , test_classfunctiondecorator
536, init, , init, init, init, init, init
537, calculate_model_predictions, , calculate_model_predictions, calculate_model_predictions, calculate_model_predictions, calculate_model_predictions, calculate_model_predictions
538, init, , init, init, init, init, init
539, get, , , , , , additionaldefinitioncode
540, init, , init, init, init, init, init
541, start, , start, start, start, start, start
542, init, , init, init, init, init, init
543, set_up, , set_up, set_up, set_up, set_up, set_up
544, set_tag4key, , set_tag4key, set_tag4key, set_tag4key, set_tag4key, set_tag4key
545, validate, , , , , , main
546, init, , init, init, init, init, init
547, eq, , eq, eq, eq, eq, eq
548, create, , , , , , set_up
549, get, , get, get, get, get, get
550, create, , create, create, create, create, create
551, set_up, , set_up, set_up, set_up, set_up, set_up
552, init, , init, init, init, init, init
553, test_betainc, , test_betainc, test_betainc, test_betainc, test_betainc, test_betainc
554, init, , , , , , set_up
555, str, , str, str, str, str, str
556, uniq, , uniq, uniq, uniq, uniq, uniq
557, calculate, , , , , , specific_code_cpp
558, create, , create, create, create, create, create
559, set_up, , set_up, set_up, set_up, set_up, set_up
560, fixcommand, , clean, clean, fixcommand, fixcommand, fixcommand
561, unimport, , , , , , exit
562, test_huber, , test_huber, test_huber, test_huber, test_huber, test_huber
563, set_tag5value, , set_tag5value, set_tag5value, set_tag5value, set_tag5value, set_tag5value
564, init, , init, init, init, init, init
565, call, , call, call, call, call, call
566, update, , , , , , tear_downs
567, init, , init, init, init, init, init
568, get, , get, get, get, get, get
569, init, , init, init, init, init, init
570, append, , , , , , visit_superscript
571, append, , , , , , appendinterval
572, run, , , , , , main
573, init, , init, init, init, init, init
574, set_up_class, , set_up, set_up, set_up, set_up, set_up
575, get_parser, , get_parser, get_parser, get_parser, get_parser, get_parser
576, init, , init, init, init, init, init
577, get, , , , , , try_merge
578, parse, , , , , , test_fromelementsubscribewithoptionsempty
579, init, , init, init, init, init, init
580, init, , init, init, init, init, init
581, init, , init, init, init, init, init
582, test_rmse, , validate, validate, validate, validate, test_rmse
583, findconstantmetadatakeys, , findconstantmetadatakeys, findconstantmetadatakeys, findconstantmetadatakeys, findconstantmetadatakeys, findconstantmetadatakeys
584, init, , init, init, init, init, init
585, close, , close, close, close, close, close
586, calculate_model_predictions, , calculate_model_predictions, calculate_model_predictions, calculate_model_predictions, calculate_model_predictions, calculate_model_predictions
587, tear_down, , tear_down, tear_down, tear_down, tear_down, tear_down
588, get, , get, get, get, get, get
589, replace, , , , , , run
590, init, , init, init, init, init, init
591, init, , init, init, init, init, init
592, update, , update, update, update, update, update
593, read, , read, read, read, read, read
594, put, , , , , , output_unchecked
595, init, , init, init, init, init, init
596, init, , init, init, init, init, init
597, multiply, , , , , , gtvec
598, run, , run, run, run, run, run
599, create, , create, create, create, create, create
600, parse, , , , , , init
601, init, , init, init, init, init, init
602, parse, , , , , , test_gradientboostedbinaryclassificationexhaustivesplits
603, validate, , validate, validate, validate, validate, validate
604, output_unchecked, , output_unchecked, output_unchecked, output_unchecked, output_unchecked, output_unchecked
605, init, , init, init, init, init, init
606, init, , init, init, init, init, init
607, init, , init, init, init, init, init
608, create, , create, create, create, create, create
609, start, , , , , , test_dostart
610, init, , init, init, init, init, init
611, init, , init, init, init, init, init
612, init, , init, init, init, init, init
613, init, , init, init, init, init, init
614, remove, , , , , , tear_down
615, init, , init, init, init, init, init
616, init, , init, init, init, init, init
617, init, , init, init, init, init, init
618, initialize, , init, init, init, init, init
619, init, , init, init, init, init, init
620, test_tc1floater, , test_tc1floater, test_tc1floater, test_tc1floater, test_tc1floater, test_tc1floater
621, parse, , , , , , test_compile11
622, init, , init, init, init, init, init
623, forwards, , forwards, forwards, forwards, update, forwards
624, strikethrough, , strikethrough, strikethrough, strikethrough, strikethrough, strikethrough
625, init, , init, init, init, init, init
626, create, , create, create, create, create, create
627, init, , init, init, init, init, init
628, init, , init, init, init, init, init
629, update, , , , , , forwards
630, init, , init, init, init, init, init
631, init, , init, init, init, init, init
632, init, , init, init, init, init, init
633, raise, , , , , , test_notimplemented
634, create, , create, create, create, create, create
635, init, , init, init, init, init, init
636, get, , get, get, get, get, get
637, init, , init, init, init, init, init
638, read, , read, read, read, read, read
639, validate, , , , , , test_missingzopenamespace
640, init, , init, init, init, init, init
641, init, , init, init, init, init, init
642, getargspec, , getargspec, getargspec, getargspec, getargspec, getargspec
643, validate, , , , , , test_withstatementundefinedinside
644, test_canny, , , , , , test_canny5
645, get_parser, , get_parser, get_parser, get_parser, get_parser, get_parser
646, test_ol, , validate, validate, validate, validate, test_ol
647, set_scheduledtaskname19, , set_scheduledtaskname19, set_scheduledtaskname19, update, set_scheduledtaskname19, set_scheduledtaskname19
648, init, , init, init, init, init, init
649, call, , , , , , ned
650, init, , init, init, init, init, init
651, get_parser, , get_parser, get_parser, get_parser, get_parser, get_parser
652, set_up, , set_up, set_up, set_up, set_up, set_up
653, init, , init, init, init, init, init
654, init, , init, init, init, init, init
655, str, , , , , , repr
656, get, , , , , , ipop
657, tear_down, , tear_down, tear_down, tear_down, tear_down, tear_down
658, init, , init, init, init, init, init
659, init, , init, init, init, init, init
660, remove, , , , , , backwards
661, compare, , , , , , eq
662, visit_hlistcol, , visit_hlistcol, visit_hlistcol, visit_hlistcol, visit_hlistcol, visit_hlistcol
663, join, , , , , , test_multidim
664, init, , init, init, init, init, init
665, create, , create, create, create, create, create
666, init, , init, init, init, init, init
667, init, , init, init, init, init, init
668, init, , init, init, init, init, init
669, repr, , repr, repr, repr, repr, repr
670, init, , init, init, init, init, init
671, path, , path, path, join, join, path
672, execute, , , , , , open_file
673, create, , create, create, create, create, create
674, remove, , , , , , backwards
675, set_up, , set_up, set_up, set_up, set_up, set_up
676, get, , get, get, get, get, get
677, str, , , , , , repr
678, init, , init, init, init, init, init
679, save, , save, save, save, save, save
680, validate, , , , , , test_basic1
681, save, , save, save, save, save, save
682, create, , create, create, create, create, create
683, init, , init, init, init, init, init
684, rerank, , rerank, rerank, rerank, rerank, rerank
685, init, , , , , , set_up
686, formatargvalues, , , , , , repr
687, close, , close, close, close, close, close
688, init, , init, init, init, init, init
689, init, , init, init, init, init, init
690, create, , create, create, create, create, create
691, create, , create, create, create, create, create
692, init, , init, init, init, init, init
693, init, , init, init, init, init, init
694, test_nbdtrin, , test_nbdtrin, test_nbdtrin, test_nbdtrin, test_nbdtrin, test_nbdtrin
695, init, , init, init, init, init, init
696, test_pdtr, , test_pdtr, test_pdtr, test_pdtr, test_pdtr, test_pdtr
697, init, , init, init, init, init, init
698, get, , , , , , test_user
699, init, , init, init, init, init, init
700, resize, , , , , , screensize
701, delete, , , , , , backwards
702, validate, , , , , , test_missing2
703, init, , init, init, init, init, init
704, parse, , , , , , init
705, validate, , , , , , test_offsetindoctests
706, test_genrandbits, , test_genrandbits, test_genrandbits, test_genrandbits, test_genrandbits, test_genrandbits
707, test_receivedgroupchat, , test_receivedgroupchat, test_receivedgroupchat, test_receivedgroupchat, test_receivedgroupchat, test_receivedgroupchat
708, init, , init, init, init, init, init
709, set_up, , init, init, init, set_up, set_up
710, start, , start, start, start, start, start
711, init, , init, init, init, init, init
712, init, , init, init, init, init, init
713, init, , init, init, init, init, init
714, init, , init, init, init, init, init
715, init, , init, init, init, init, init
716, init, , init, init, init, init, init
717, init, , , , , , set_up
718, init, , init, init, init, init, init
719, convertinterval, , , , , , getconv
720, remove, , , , , , deannotate
721, init, , init, init, init, init, init
722, formatargvalues, , , , , , repr
723, mergedicts, , mergedicts, mergedicts, mergedicts, mergedicts, mergedicts
724, variance, , variance, variance, variance, variance, variance
725, update, , , , , , put
726, test, , , , , , test_egg2
727, validate, , , , , , init
728, get, , get, get, get, get, get
729, init, , init, init, init, init, init
730, init, , init, init, init, init, init
731, formatargvalues, , formatargvalues, formatargvalues, formatargvalues, formatargvalues, formatargvalues
732, init, , init, init, init, init, init
733, heightmap_lerp_hm, , heightmap_lerp_hm, heightmap_lerp_hm, lerp, lerp, heightmap_lerp_hm
734, init, , , , , , set_up
735, test_md5sesshasha2authint, , test_md5sesshasha2authint, test_md5sesshasha2authint, test_md5sesshasha2authint, test_md5sesshasha2authint, test_md5sesshasha2authint
736, init, , init, init, init, init, init
737, init, , init, init, init, init, init
738, init, , init, init, init, init, init
739, calculate, , , , , , test_simple3
740, parse, , parse, parse, parse, parse, parse
741, init, , init, init, init, init, init
742, calculate, , , , , , bell
743, clean, , , , , , test_cleanpendingreturnsdelayedcallstrings
744, get_basedir, , get_basedir, get_basedir, get_basedir, get_basedir, get_basedir
745, close, , close, close, close, close, close
746, write, , , , , , output_unchecked
747, set_zorder, , set_zorder, set_zorder, set_zorder, set_zorder, set_zorder
748, create, , create, create, create, create, create
749, toordinal, , toordinal, toordinal, toordinal, toordinal, toordinal
750, parse, , , , , , try_merge
751, init, , init, init, init, init, init
752, get_scheduledaction10, , get_scheduledaction10, get_scheduledaction10, get_scheduledaction10, get_scheduledaction10, get_scheduledaction10
753, visit_copyright, , visit_copyright, visit_copyright, visit_copyright, visit_copyright, visit_copyright
754, calculate_model_predictions, , calculate_model_predictions, calculate_model_predictions, calculate_model_predictions, calculate_model_predictions, calculate_model_predictions
755, transform, , , , , , polytrafo
756, test, , , , , , test_downsamplefactormaxgrad
757, init, , init, init, init, init, init
758, return, , , , , , repr
759, set_up, , set_up, set_up, set_up, set_up, set_up
760, setitem, , , , , , set_bitmask
761, init, , init, init, init, init, init
762, test_notifyremote, , test_notifyremote, test_notifyremote, test_notifyremote, test_notifyremote, test_notifyremote
763, halt, , halt, halt, halt, halt, halt
764, specialize, , specialize, specialize, specialize, specialize, specialize
765, test, , , , , , test_addrsaidentitywithcomment
766, init, , init, init, init, init, init
767, formatargvalues, , , , , , str
768, torf, , torf, torf, torf, torf, torf
769, delete, , delete, delete, delete, delete, delete
770, convert, , , , , , toarray
771, calculate_model_predictions, , calculate_model_predictions, calculate_model_predictions, calculate_model_predictions, calculate_model_predictions, calculate_model_predictions
772, remove, , , , , , backwards
773, init, , init, init, init, init, init
774, init, , init, init, init, init, init
775, init, , init, init, init, init, init
776, init, , init, init, init, init, init
777, update, , , , , , add
778, init, , init, init, init, init, init
779, init, , , , , , set_up
780, init, , init, init, init, init, init
781, init, , init, init, init, init, init
782, visit, , , , , , visit_newexpr
783, init, , init, init, init, init, init
784, init, , init, init, init, init, init
785, create, , create, create, create, create, create
786, display, , , , , , imshow
787, remove, , remove, remove, remove, remove, remove
788, init, , init, init, init, init, init
789, init, , init, init, init, init, init
790, init, , init, init, init, init, init
791, create, , create, create, create, create, create
792, create, , create, create, create, create, create
793, init, , init, init, init, init, init
794, orth, , orth, orth, orth, orth, orth
795, calculate_model_predictions, , calculate_model_predictions, calculate_model_predictions, calculate_model_predictions, calculate_model_predictions, calculate_model_predictions
796, test_endpointlistenfailure, , test_endpointlistenfailure, test_endpointlistenfailure, test_endpointlistenfailure, test_endpointlistenfailure, test_endpointlistenfailure
797, frexp, , frexp, frexp, frexp, frexp, frexp
798, validate, , , , , , test_fromelementunsubscribenojid
799, run, , , , , , test_getargs
800, create, , create, create, create, create, create
801, init, , init, init, init, init, init
802, save, , save, save, save, save, save
803, parse, , , , , , try_merge
804, init, , init, init, init, init, init
805, validate, , , , , , test_sslchainfilemustcontaincert
806, init, , init, init, init, init, init
807, getattr, , getattr, getattr, getattr, getattr, getattr
808, formatargvalues, , , , , , str
809, init, , init, init, init, init, init
810, init, , init, init, init, init, init
811, parse, , , , , , getfield
812, close, , close, close, close, close, close
813, init, , init, init, init, init, init
814, init, , init, init, init, init, init
815, write, , , , , , output_unchecked
816, init, , init, init, init, init, init
817, init, , init, init, init, init, init
818, read, , read, read, read, read, read
819, tear_down, , tear_down, tear_down, tear_down, tear_down, tear_down
820, propgetcursorx, , getfield, getfield, getfield, getfield, propgetcursorx
821, calculate_model_predictions, , calculate_model_predictions, calculate_model_predictions, calculate_model_predictions, calculate_model_predictions, calculate_model_predictions
822, test, , , , , , test_untls
823, init, , init, init, init, init, init
824, alter, , , , , , upgrade
825, repr, , repr, repr, repr, repr, repr
826, init, , init, init, init, init, init
827, init, , , , , , set_up
828, init, , init, init, init, init, init
829, len, , len, len, len, len, len
830, parse, , , , , , init
831, formatargvalues, , , , , , pound
832, init, , init, init, init, init, init
833, test, , , , , , test_paranthesis
834, init, , init, init, init, init, init
835, init, , init, init, init, init, init
836, validate, , , , , , test_nousername
837, set_up, , set_up, init, init, set_up, set_up
838, init, , init, init, init, init, init
839, init, , init, init, init, init, init
840, heal, , heal, heal, heal, heal, heal
841, create, , create, create, create, create, create
842, create, , create, create, create, create, create
843, init, , init, init, init, init, init
844, init, , init, init, init, init, init
845, validate, , , , , , test_checkhash
846, init, , , , , , set_up
847, init, , init, init, init, init, init
848, init, , init, init, init, init, init
849, init, , init, init, init, init, init
850, run, , , , , , gmap
851, test_seedcorrelationanalyzer, , test_seedcorrelationanalyzer, test_seedcorrelationanalyzer, test_seedcorrelationanalyzer, test_seedcorrelationanalyzer, test_seedcorrelationanalyzer
852, dispatch, , , , , , get
853, init, , init, init, init, init, init
854, delete, , delete, delete, delete, delete, delete
855, init, , , , , , set_up
856, output_unchecked, , , , , , outport
857, test, , , , , , test_assigninforloop
858, formatargvalues, , , , , , str
859, init, , init, init, init, init, init
860, init, , init, init, init, init, init
861, get_queryset, , search, get_queryset, search, search, get_queryset
862, init, , init, init, init, init, init
863, init, , init, init, init, init, init
864, init, , init, init, init, init, init
865, getattr, , , , , , str
866, iter, , iter, iter, iter, iter, iter
867, run, , , , , , main
868, delete, , delete, delete, delete, delete, delete
869, init, , init, init, init, init, init
870, init, , init, init, init, init, init
871, get, , , , , , getsessionprob
872, get_context_data, , get_context_data, get_context_data, get_context_data, get_context_data, get_context_data
873, tear_down, , tear_down, tear_down, tear_down, tear_down, tear_down
874, init, , , , , , set_up
875, create, , , , , , new
876, formatargvalues, , , , , , unicode
877, init, , init, init, init, init, init
878, test_containment, , test_containment, validate, test_containment, test_containment, test_containment
879, test_ker, , test_ker, test_ker, test_ker, test_ker, test_ker
880, create, , create, create, create, create, create
881, init, , init, init, init, init, init
882, init, , init, init, init, init, init
883, repr, , repr, repr, repr, repr, repr
884, init, , init, init, init, init, init
885, init, , init, init, init, init, init
886, init, , init, init, init, init, init
887, init, , init, init, init, init, init
888, test_stoponfirsterror, , test, test_stoponfirsterror, test, test, test_stoponfirsterror
889, init, , init, init, init, init, init
890, create, , create, create, create, create, create
891, test_md5sesshasha2authint, , , , , , test_shahashresponseextra
892, close, , , , , , exit
893, init, , init, init, init, init, init
894, init, , init, init, init, init, init
895, validate, , , , , , test_invalidletters
896, create, , create, create, create, create, create
897, init, , init, init, init, init, init
898, cancel, , , , , , test_cancelduringbodyproduction
899, init, , init, init, init, init, init
900, init, , init, init, init, init, init
901, get_queryset, , get_queryset, get_queryset, get_queryset, get_queryset, get_queryset
902, init, , init, init, init, init, init
903, validate, , , , , , test_getoptionswithsubscriptionidentifier
904, init, , init, init, init, init, init
905, init, , init, init, init, init, init
906, init, , init, init, init, init, init
907, init, , init, init, init, init, init
908, init, , init, init, init, init, init
909, formatargvalues, , , , , , repr
910, format, , , , , , unicode
911, init, , , , , , set_up
912, repr, , repr, repr, repr, repr, repr
913, get, , get, get, get, get, get
914, calculate, , , , , , minpore
915, validate, , , , , , test_packagewithmodule
916, write, , , , , , test_writeaddstimestamp
917, init, , init, init, init, init, init
918, init, , create, create, init, init, init
919, update, , , , , , update_user
920, init, , init, init, init, init, init
921, create, , create, create, create, create, create
922, init, , init, init, init, init, init
923, create, , , , , , new
924, close, , close, close, close, close, close
925, visit, , , , , , visit_bracketaccessor
926, create, , create, create, create, create, create
927, ignore, , , , , , test_unavailablereceivednotinroom
928, userinfo, , userinfo, userinfo, userinfo, userinfo, userinfo
929, delete, , , , , , backwards
930, init, , , , , , set_up
931, create, , , , , , forwards
932, update, , , , , , forwards
933, init, , init, init, init, init, init
934, get, , , , , , getitem
935, len, , len, len, len, len, len
936, eq, , eq, eq, eq, eq, eq
937, initscr, , initscr, initscr, init, init, initscr
938, init, , init, init, init, init, init
939, init, , , , , , set_up
940, remove, , , , , , tear_down
941, init, , init, init, init, init, init
942, init, , init, init, init, init, init
943, cythonize, , , , , , run
944, init, , , , , , set_up
945, create, , , , , , set_up
946, test_hostvars, , validate, validate, test_hostvars, validate, test_hostvars
947, calculate_model_predictions, , calculate_model_predictions, calculate_model_predictions, calculate_model_predictions, calculate_model_predictions, calculate_model_predictions
948, init, , init, init, init, init, init
949, init, , , , , , set_up
950, path, , , , , , testfile
951, test_tupled_argmax, , test_tupled_argmax, test_tupled_argmax, test_tupled_argmax, test, test_tupled_argmax
952, get, , , , , , set_up
953, init, , , , , , set_up
954, init, , init, init, init, init, init
955, create, , create, create, create, create, create
956, merge, , , , , , try_merge
957, set_scheduledtaskid7, , set_scheduledtaskid7, set_scheduledtaskid7, set_scheduledtaskid7, set_scheduledtaskid7, set_scheduledtaskid7
958, test_uniq, , test_uniq, test_uniq, uniq, test_uniq, test_uniq
959, init, , init, init, init, init, init
960, update, , , , , , upgrade
961, run, , , , , , main
962, setitem, , setitem, setitem, setitem, setitem, setitem
963, format, , , , , , str
964, format, , , , , , repr
965, init, , init, init, init, init, init
966, parse, , , , , , convertinterval
967, init, , init, init, init, init, init
968, initialize, , , , , , test_setparametersbeforeinit
969, test_hyperu, , test_hyperu, test_hyperu, test_hyperu, test_hyperu, test_hyperu
970, init, , init, init, init, init, init
971, init, , init, init, init, init, init
972, init, , , , , , set_up
973, init, , init, init, init, init, init
974, calculate_model_predictions, , calculate_model_predictions, calculate_model_predictions, calculate_model_predictions, calculate_model_predictions, calculate_model_predictions
975, init, , init, init, init, init, init
976, create, , , , , , microstructure
977, eq, , eq, eq, eq, eq, eq
978, update, , , , , , save
979, authenticate, , , , , , get
980, init, , init, init, init, init, init
981, init, , init, init, init, init, init
982, init, , , , , , set_up
983, test, , , , , , test_hyp1f1
984, init, , init, init, init, init, init
985, init, , init, init, init, init, init
986, init, , init, init, init, init, init
987, test, , , , , , test_createnode
988, init, , init, init, init, init, init
989, init, , , , , , set_up
990, init, , init, init, init, init, init
991, get, , , , , , getitem
992, create, , create, create, create, create, create
993, send, , , , , , call
994, stop, , , , , , tear_down
995, init, , init, init, init, init, init
996, status, , status, status, get, status, status
997, init, , , , , , set_up_class
998, test_notwindows, , validate, validate, restore, validate, test_notwindows
999, get, , get, get, get, get, get
