0, None, None, , ['init'], , None, , , None, None, , , , , , ['init'], init
1, None, None, , ['init'], , None, , , None, None, , , , , , ["I don't know"], init
2, None, None, , ['fetch'], , None, , , None, None, , , , , , ['fetch'], test_healthcheck
3, None, None, , ['equals'], , None, , , None, None, , , , , , ['equals'], eq
4, None, None, , ['open'], , None, , , None, None, , , , , , ["I don't know"], flopen
5, None, None, , ['test'], , None, , , None, None, , , , , , ["I don't know"], test_nonvariableinputarg
6, None, None, , ['switchtobodymode'], , None, , , None, None, , , , , , ['switchtobodymode'], test_switchtobodymode
7, None, None, , ['init'], , None, , , None, None, , , , , , ['init'], init
8, None, None, , ['init'], , None, , , None, None, , , , , , ['init'], init
9, None, None, , ['get'], , None, , , None, None, , , , , , ['get'], get
10, None, None, , ['render_template'], , None, , , None, None, , , , , , ["I don't know"], create
11, None, None, , ['close'], , None, , , None, None, , , , , , ['close'], close
12, None, None, , ['print'], , None, , , None, None, , , , , , ['create'], create
13, None, None, , ['init'], , None, , , None, None, , , , , , ["I don't know"], init
14, None, None, , ['add'], , None, , , None, None, , , , , , ["I don't know"], add
15, None, None, , ['rollback'], , None, , , None, None, , , , , , ["I don't know"], exit
16, None, None, , ['get_context_data'], , None, , , None, None, , , , , , ['get_context_data'], get_context_data
17, None, None, , ['update'], , None, , , None, None, , , , , , ['update'], init
18, None, None, , ['write'], , None, , , None, None, , , , , , ["I don't know"], init
19, None, None, , ['open'], , None, , , None, None, , , , , , ["I don't know"], init
20, None, None, , ['init'], , None, , , None, None, , , , , , ['init'], init
21, None, None, , ['read'], , None, , , None, None, , , , , , ['read'], read
22, None, None, , ['init'], , None, , , None, None, , , , , , ["I don't know"], init
23, None, None, , ['save'], , None, , , None, None, , , , , , ['save'], save
24, None, None, , ['init'], , None, , , None, None, , , , , , ["I don't know"], init
25, None, None, , ['validate'], , None, , , None, None, , , , , , ["I don't know"], init
26, None, None, , ['converts'], , None, , , None, None, , , , , , ['converts'], init
27, None, None, , ['print'], , None, , , None, None, , , , , , ["I don't know"], init
28, None, None, , ['getattr'], , None, , , None, None, , , , , , ["I don't know"], proxyval
29, None, None, , ['init'], , None, , , None, None, , , , , , ["I don't know"], init
30, None, None, , ['tryimport'], , None, , , None, None, , , , , , ['import'], tryimport
31, None, None, , ['get_parser'], , None, , , None, None, , , , , , ['get_parser'], get_parser
32, None, None, , ['print'], , None, , , None, None, , , , , , ["I don't know"], create
33, None, None, , ['tear_down'], , None, , , None, None, , , , , , ['tear_down'], tear_down
34, None, None, , ['save'], , None, , , None, None, , , , , , ["I don't know"], save
35, None, None, , ['repr'], , None, , , None, None, , , , , , ["I don't know"], repr
36, None, None, , ['getattr'], , None, , , None, None, , , , , , ["I don't know"], propgetbottomleft
37, None, None, , ['create'], , None, , , None, None, , , , , , ['create'], create
38, None, None, , ['connect'], , None, , , None, None, , , , , , ['configure'], init
39, None, None, , ['init'], , None, , , None, None, , , , , , ['init'], init
40, None, None, , ['print'], , None, , , None, None, , , , , , ["I don't know"], test_parsestreamserverinet
41, None, None, , ['write'], , None, , , None, None, , , , , , ['write'], create
42, None, None, , ['assert'], , None, , , None, None, , , , , , ["I don't know"], test_i0
43, None, None, , ['itersubclasses'], , None, , , None, None, , , , , , ['itersubclasses'], itersubclasses
44, None, None, , ['render_template'], , None, , , None, None, , , , , , ['reprcall'], repr
45, None, None, , ['get'], , None, , , None, None, , , , , , ['retrieve'], get
46, None, None, , ['validate'], , None, , , None, None, , , , , , ["I don't know"], init
47, None, None, , ['send_message'], , None, , , None, None, , , , , , ['send_message'], set_up
48, None, None, , ['parse'], , None, , , None, None, , , , , , ['parse'], test_postprocessor
49, None, None, , ['set_up_class'], , None, , , None, None, , , , , , ['set_up_class'], set_up_class
50, None, None, , ['update'], , None, , , None, None, , , , , , ['update'], forwards
51, None, None, , ['calculate_model_predictions'], , None, , , None, None, , , , , , ['calculate_model_predictions'], calculate_model_predictions
52, None, None, , ['parsedate'], , None, , , None, None, , , , , , ["I don't know"], test_parsedate3
53, None, None, , ['concatenate'], , None, , , None, None, , , , , , ['concatenate'], vstack
54, None, None, , ['print'], , None, , , None, None, , , , , , ["I don't know"], init
55, None, None, , ['print'], , None, , , None, None, , , , , , ['get_outputlocation'], get_outputlocation
56, None, None, , ['init'], , None, , , None, None, , , , , , ["I don't know"], init
57, None, None, , ['build_attributes'], , None, , , None, None, , , , , , ['build_attributes'], build_attributes
58, None, None, , ['create'], , None, , , None, None, , , , , , ['create'], create
59, None, None, , ['calculate_model_predictions'], , None, , , None, None, , , , , , ["I don't know"], calculate_model_predictions
60, None, None, , ['init'], , None, , , None, None, , , , , , ["I don't know"], init
61, None, None, , ['delete'], , None, , , None, None, , , , , , ['delete'], delete
62, None, None, , ['get'], , None, , , None, None, , , , , , ["I don't know"], set_up
63, None, None, , ['get_confidence'], , None, , , None, None, , , , , , ['get_confidence'], get_confidence
64, None, None, , ['print'], , None, , , None, None, , , , , , ["I don't know"], is_ironpython
65, None, None, , ['delete'], , None, , , None, None, , , , , , ['delete'], init
66, None, None, , ['getattr'], , None, , , None, None, , , , , , ['getattr'], getattr
67, None, None, , ['init'], , None, , , None, None, , , , , , ["I don't know"], init
68, None, None, , ['init'], , None, , , None, None, , , , , , ["I don't know"], init
69, None, None, , ['print'], , None, , , None, None, , , , , , ["I don't know"], str
70, None, None, , ['connect'], , None, , , None, None, , , , , , ['connect'], set_up
71, None, None, , ['add_field'], , None, , , None, None, , , , , , ['add_field'], forwards
72, None, None, , ['write'], , None, , , None, None, , , , , , ['write'], write
73, None, None, , ['init'], , None, , , None, None, , , , , , ['save'], init
74, None, None, , ['init'], , None, , , None, None, , , , , , ['init'], init
75, None, None, , ['uninstall'], , None, , , None, None, , , , , , ['delete'], nopackage
76, None, None, , ['write'], , None, , , None, None, , , , , , ['write'], output_unchecked
77, None, None, , ['render_template'], , None, , , None, None, , , , , , ['create'], create
78, None, None, , ['validate'], , None, , , None, None, , , , , , ["I don't know"], init
79, None, None, , ['init'], , None, , , None, None, , , , , , ['init'], init
80, None, None, , ['print'], , None, , , None, None, , , , , , ["I don't know"], hashret
81, None, None, , ['test_installtasks'], , None, , , None, None, , , , , , ['test_installtasks'], test_installtasks
82, None, None, , ['parse'], , None, , , None, None, , , , , , ["I don't know"], init
83, None, None, , ['render_template'], , None, , , None, None, , , , , , ['create'], create
84, None, None, , ['get_paytype'], , None, , , None, None, , , , , , ['get_paytype'], get_paytype
85, None, None, , ['update'], , None, , , None, None, , , , , , ['update'], init
86, None, None, , ['test_func1'], , None, , , None, None, , , , , , ["I don't know"], test_func1
87, None, None, , ['init'], , None, , , None, None, , , , , , ['init'], init
88, None, None, , ['init'], , None, , , None, None, , , , , , ["I don't know"], init
89, None, None, , ['get'], , None, , , None, None, , , , , , ['get'], get
90, None, None, , ['streamline'], , None, , , None, None, , , , , , ['streamline'], streamline
91, None, None, , ['init'], , None, , , None, None, , , , , , ['init'], init
92, None, None, , ['print'], , None, , , None, None, , , , , , ["I don't know"], test_i0e
93, None, None, , ['get_scheduledaction3'], , None, , , None, None, , , , , , ['get_scheduledaction3'], get_scheduledaction3
94, None, None, , ['init'], , None, , , None, None, , , , , , ["I don't know"], init
95, None, None, , ['call'], , None, , , None, None, , , , , , ["I don't know"], eq
96, None, None, , ['get_label_collection'], , None, , , None, None, , , , , , ['get_label_collection'], set_up
97, None, None, , ['initialize'], , None, , , None, None, , , , , , ["I don't know"], test_setlayerparamsdict
98, None, None, , ['assert'], , None, , , None, None, , , , , , ["I don't know"], test_gammaincc
99, None, None, , ['print'], , None, , , None, None, , , , , , ["I don't know"], eq
100, None, None, , ['render_template'], , None, , , None, None, , , , , , ['create'], create
101, None, None, , ['init'], , None, , , None, None, , , , , , ["I don't know"], run
102, None, None, , ['delete'], , None, , , None, None, , , , , , ['delete'], backwards
103, None, None, , ['convert'], , None, , , None, None, , , , , , ["I don't know"], init
104, None, None, , ['set_up'], , None, , , None, None, , , , , , ['set_up'], set_up
105, None, None, , ['get'], , None, , , None, None, , , , , , ["I don't know"], test_todos
106, None, None, , ['nopackage'], , None, , , None, None, , , , , , ["I don't know"], update
107, None, None, , ['write'], , None, , , None, None, , , , , , ["I don't know"], set_up
108, None, None, , ['assert'], , None, , , None, None, , , , , , ["I don't know"], test_voided
109, None, None, , ['open'], , None, , , None, None, , , , , , ["I don't know"], init
110, None, None, , ['validate'], , None, , , None, None, , , , , , ["I don't know"], init
111, None, None, , ['set_up'], , None, , , None, None, , , , , , ['set_up'], set_up
112, None, None, , ['for'], , None, , , None, None, , , , , , ["I don't know"], visit_hlist
113, None, None, , ['remove'], , None, , , None, None, , , , , , ['remove'], remove
114, None, None, , ['create'], , None, , , None, None, , , , , , ['create'], set_up
115, None, None, , ['render_template'], , None, , , None, None, , , , , , ['create'], create
116, None, None, , ['set_up'], , None, , , None, None, , , , , , ['init'], set_up
117, None, None, , ['init'], , None, , , None, None, , , , , , ["I don't know"], init
118, None, None, , ['get_parser'], , None, , , None, None, , , , , , ['get_parser'], get_parser
119, None, None, , ['init'], , None, , , None, None, , , , , , ["I don't know"], init
120, None, None, , ['copyto'], , None, , , None, None, , , , , , ['write'], copyto
121, None, None, , ['init'], , None, , , None, None, , , , , , ['init'], init
122, None, None, , ['validate'], , None, , , None, None, , , , , , ["I don't know"], init
123, None, None, , ['init'], , None, , , None, None, , , , , , ["I don't know"], init
124, None, None, , ['create'], , None, , , None, None, , , , , , ["I don't know"], create
125, None, None, , ['write'], , None, , , None, None, , , , , , ['create'], create
126, None, None, , ['write'], , None, , , None, None, , , , , , ['write'], test_writecallsloggerwrite
127, None, None, , ['save'], , None, , , None, None, , , , , , ["I don't know"], repr
128, None, None, , ['save'], , None, , , None, None, , , , , , ['save'], save
129, None, None, , ['clear'], , None, , , None, None, , , , , , ['clear'], tear_down
130, None, None, , ['render_template'], , None, , , None, None, , , , , , ["I don't know"], gluestate
131, None, None, , ['stop'], , None, , , None, None, , , , , , ['stop'], test_stopproducingraises
132, None, None, , ['init'], , None, , , None, None, , , , , , ["I don't know"], init
133, None, None, , ['signal'], , None, , , None, None, , , , , , ["I don't know"], init
134, None, None, , ['initialize'], , None, , , None, None, , , , , , ['initialize'], init
135, None, None, , ['construct_line_style'], , None, , , None, None, , , , , , ["I don't know"], init
136, None, None, , ['init'], , None, , , None, None, , , , , , ["I don't know"], init
137, None, None, , ['print'], , None, , , None, None, , , , , , ["I don't know"], repr
138, None, None, , ['append'], , None, , , None, None, , , , , , ['append'], test_remove
139, None, None, , ['delete'], , None, , , None, None, , , , , , ['delete'], delete
140, None, None, , ['open'], , None, , , None, None, , , , , , ['open'], is_elf
141, None, None, , ['write'], , None, , , None, None, , , , , , ["I don't know"], init
142, None, None, , ['get_file_data'], , None, , , None, None, , , , , , ['init'], get_data
143, None, None, , ['get'], , None, , , None, None, , , , , , ['get'], get
144, None, None, , ['write'], , None, , , None, None, , , , , , ['rollback'], exit
145, None, None, , ['init'], , None, , , None, None, , , , , , ['init'], init
146, None, None, , ['render'], , None, , , None, None, , , , , , ["I don't know"], specific_code_cpp
147, None, None, , ['wraptext'], , None, , , None, None, , , , , , ['wrap'], wraptext
148, None, None, , ['init'], , None, , , None, None, , , , , , ['init'], init
149, None, None, , ['init'], , None, , , None, None, , , , , , ["I don't know"], init
150, None, None, , ['get'], , None, , , None, None, , , , , , ["I don't know"], test_get
151, None, None, , ['setup'], , None, , , None, None, , , , , , ["I don't know"], set_up
152, None, None, , ['init'], , None, , , None, None, , , , , , ['add'], init
153, None, None, , ['delete'], , None, , , None, None, , , , , , ['delete'], delitem
154, None, None, , ['traverse'], , None, , , None, None, , , , , , ['traverse'], test_2017
155, None, None, , ['getcallargs'], , None, , , None, None, , , , , , ['getcallargs'], getcallargs
156, None, None, , ['equals'], , None, , , None, None, , , , , , ['equals'], equals
157, None, None, , ['update'], , None, , , None, None, , , , , , ['update'], update
158, None, None, , ['print'], , None, , , None, None, , , , , , ["I don't know"], init
159, None, None, , ['render_template'], , None, , , None, None, , , , , , ["I don't know"], parse
160, None, None, , ['init'], , None, , , None, None, , , , , , ['init'], init
161, None, None, , ['get_size'], , None, , , None, None, , , , , , ['get_size'], get_size
162, None, None, , ['call'], , None, , , None, None, , , , , , ["I don't know"], call
163, None, None, , ['print'], , None, , , None, None, , , , , , ["I don't know"], create
164, None, None, , ['parse'], , None, , , None, None, , , , , , ['parse'], parse
165, None, None, , ['init'], , None, , , None, None, , , , , , ["I don't know"], init
166, None, None, , ['add_field'], , None, , , None, None, , , , , , ['add_field'], forwards
167, None, None, , ['test'], , None, , , None, None, , , , , , ["I don't know"], test_eat
168, None, None, , ['init'], , None, , , None, None, , , , , , ['init'], init
169, None, None, , ['decorate'], , None, , , None, None, , , , , , ["I don't know"], contentcmd
170, None, None, , ['create'], , None, , , None, None, , , , , , ['create'], set_up
171, None, None, , ['calculate_model_predictions'], , None, , , None, None, , , , , , ['calculate_model_predictions'], calculate_model_predictions
172, None, None, , ['send_message'], , None, , , None, None, , , , , , ['send_message'], add
173, None, None, , ['validate'], , None, , , None, None, , , , , , ['validate'], init
174, None, None, , ['init'], , None, , , None, None, , , , , , ['init'], init
175, None, None, , ['parse'], , None, , , None, None, , , , , , ['parse'], test_simpletcp
176, None, None, , ['get'], , None, , , None, None, , , , , , ["I don't know"], colorstr
177, None, None, , ['assert'], , None, , , None, None, , , , , , ["I don't know"], test_arrows
178, None, None, , ['grantmoderator'], , None, , , None, None, , , , , , ['send_message'], test_grantmoderator
179, None, None, , ['print'], , None, , , None, None, , , , , , ["I don't know"], create
180, None, None, , ['print'], , None, , , None, None, , , , , , ["I don't know"], test_lpmv
181, None, None, , ['init'], , None, , , None, None, , , , , , ['init'], init
182, None, None, , ['get'], , None, , , None, None, , , , , , ['get'], take_action
183, None, None, , ['init'], , None, , , None, None, , , , , , ['init'], init
184, None, None, , ['init'], , None, , , None, None, , , , , , ["I don't know"], init
185, None, None, , ['init'], , None, , , None, None, , , , , , ['init'], init
186, None, None, , ['init'], , None, , , None, None, , , , , , ["I don't know"], init
187, None, None, , ['delete'], , None, , , None, None, , , , , , ['delete'], unicode
188, None, None, , ['print'], , None, , , None, None, , , , , , ['delete'], downgrade
189, None, None, , ['init'], , None, , , None, None, , , , , , ["I don't know"], init
190, None, None, , ['add_field'], , None, , , None, None, , , , , , ['add_field'], init
191, None, None, , ['print'], , None, , , None, None, , , , , , ["I don't know"], init
192, None, None, , ['set_up'], , None, , , None, None, , , , , , ['set_up'], set_up
193, None, None, , ['test_faker'], , None, , , None, None, , , , , , ["I don't know"], test_faker
194, None, None, , ['init'], , None, , , None, None, , , , , , ['init'], init
195, None, None, , ['detach'], , None, , , None, None, , , , , , ['detach'], create
196, None, None, , ['init'], , None, , , None, None, , , , , , ['init'], init
197, None, None, , ['filter'], , None, , , None, None, , , , , , ["I don't know"], seasonal
198, None, None, , ['delete'], , None, , , None, None, , , , , , ['delete'], delete
199, None, None, , ['init'], , None, , , None, None, , , , , , ['init'], init
200, None, None, , ['read'], , None, , , None, None, , , , , , ['read'], read
201, None, None, , ['linspace'], , None, , , None, None, , , , , , ['linspace'], linspace
202, None, None, , ['write'], , None, , , None, None, , , , , , ["I don't know"], repr
203, None, None, , ['get'], , None, , , None, None, , , , , , ["I don't know"], isnonterminal
204, None, None, , ['write'], , None, , , None, None, , , , , , ['write'], write
205, None, None, , ['init'], , None, , , None, None, , , , , , ['init'], init
206, None, None, , ['write'], , None, , , None, None, , , , , , ["I don't know"], init
207, None, None, , ['create'], , None, , , None, None, , , , , , ['create'], create
208, None, None, , ['init'], , None, , , None, None, , , , , , ['init'], init
209, None, None, , ['format'], , None, , , None, None, , , , , , ["I don't know"], repr
210, None, None, , ['asserts'], , None, , , None, None, , , , , , ["I don't know"], specific_code_cpp
211, None, None, , ['init'], , None, , , None, None, , , , , , ['init'], init
212, None, None, , ['initialize'], , None, , , None, None, , , , , , ['initialize'], set_up
213, None, None, , ['retrieve'], , None, , , None, None, , , , , , ["I don't know"], create
214, None, None, , ['validate'], , None, , , None, None, , , , , , ['validate'], validate
215, None, None, , ['print'], , None, , , None, None, , , , , , ["I don't know"], init
216, None, None, , ['print'], , None, , , None, None, , , , , , ["I don't know"], test_userargs
217, None, None, , ['init'], , None, , , None, None, , , , , , ["I don't know"], init
218, None, None, , ['validate'], , None, , , None, None, , , , , , ["I don't know"], init
219, None, None, , ['delete'], , None, , , None, None, , , , , , ['delete'], waitables
220, None, None, , ['render_template'], , None, , , None, None, , , , , , ["I don't know"], test_sourcemap
221, None, None, , ['set_up'], , None, , , None, None, , , , , , ['set_up'], set_up
222, None, None, , ['save'], , None, , , None, None, , , , , , ['save'], set_up
223, None, None, , ['run'], , None, , , None, None, , , , , , ['run'], run
224, None, None, , ['stop'], , None, , , None, None, , , , , , ['stop'], tear_down
225, None, None, , ['init'], , None, , , None, None, , , , , , ["I don't know"], init
226, None, None, , ['create'], , None, , , None, None, , , , , , ['create'], set_up
227, None, None, , ['postclasscleanupwithselectableerrors'], , None, , , None, None, , , , , , ["I don't know"], test_postclasscleanupwithselectableerrors
228, None, None, , ['test_func1'], , None, , , None, None, , , , , , ["I don't know"], test_noheadercallback
229, None, None, , ['get_nir'], , None, , , None, None, , , , , , ['get_nir'], get_nir
230, None, None, , ['truncateletters'], , None, , , None, None, , , , , , ['truncateletters'], truncateletters
231, None, None, , ['print'], , None, , , None, None, , , , , , ["I don't know"], test_riccati_yn
232, None, None, , ['write'], , None, , , None, None, , , , , , ["I don't know"], specific_code_cpp
233, None, None, , ['hash'], , None, , , None, None, , , , , , ['hash'], hash
234, None, None, , ['setattr'], , None, , , None, None, , , , , , ['setattr'], setattr
235, None, None, , ['init'], , None, , , None, None, , , , , , ["I don't know"], init
236, None, None, , ['render_template'], , None, , , None, None, , , , , , ['render_template'], render
237, None, None, , ['create'], , None, , , None, None, , , , , , ['create'], create
238, None, None, , ['clean'], , None, , , None, None, , , , , , ['validate'], clean
239, None, None, , ['getattr'], , None, , , None, None, , , , , , ['getattr'], getattr
240, None, None, , ['test_pixel2world'], , None, , , None, None, , , , , , ["I don't know"], test_pixel2world
241, None, None, , ['backwards'], , None, , , None, None, , , , , , ['update'], backwards
242, None, None, , ['str'], , None, , , None, None, , , , , , ['str'], str
243, None, None, , ['get'], , None, , , None, None, , , , , , ["I don't know"], fov_permissive
244, None, None, , ['init'], , None, , , None, None, , , , , , ["I don't know"], init
245, None, None, , ['init'], , None, , , None, None, , , , , , ['init'], init
246, None, None, , ['onkeypress'], , None, , , None, None, , , , , , ['onkeypress'], onkeypress
247, None, None, , ['init'], , None, , , None, None, , , , , , ['init'], init
248, None, None, , ['print'], , None, , , None, None, , , , , , ["I don't know"], unicode
249, None, None, , ['init'], , None, , , None, None, , , , , , ['init'], init
250, None, None, , ['init'], , None, , , None, None, , , , , , ["I don't know"], init
251, None, None, , ['init'], , None, , , None, None, , , , , , ["I don't know"], init
252, None, None, , ['write'], , None, , , None, None, , , , , , ['write'], create
253, None, None, , ['print'], , None, , , None, None, , , , , , ['delete'], repr
254, None, None, , ['update'], , None, , , None, None, , , , , , ['alter'], forwards
255, None, None, , ['set_up'], , None, , , None, None, , , , , , ['set_up'], test_connectdisconnectedreconnectimmediately
256, None, None, , ['send_message'], , None, , , None, None, , , , , , ["I don't know"], test_notifypublishcollection
257, None, None, , ['get_parser'], , None, , , None, None, , , , , , ['get_parser'], get_parser
258, None, None, , ['create'], , None, , , None, None, , , , , , ['create'], init
259, None, None, , ['close'], , None, , , None, None, , , , , , ['close'], exit
260, None, None, , ['converts'], , None, , , None, None, , , , , , ["I don't know"], tear_down
261, None, None, , ['delete'], , None, , , None, None, , , , , , ['delete'], lt
262, None, None, , ['forwards'], , None, , , None, None, , , , , , ["I don't know"], test_issue3179
263, None, None, , ['set_up'], , None, , , None, None, , , , , , ['set_up'], set_up
264, None, None, , ['print'], , None, , , None, None, , , , , , ["I don't know"], set_up
265, None, None, , ['connect'], , None, , , None, None, , , , , , ["I don't know"], setup
266, None, None, , ['save'], , None, , , None, None, , , , , , ['save'], save
267, None, None, , ['print'], , None, , , None, None, , , , , , ["I don't know"], incref
268, None, None, , ['print'], , None, , , None, None, , , , , , ["I don't know"], init
269, None, None, , ['set_up'], , None, , , None, None, , , , , , ['set_up'], set_up
270, None, None, , ['getitem'], , None, , , None, None, , , , , , ['get'], getitem
271, None, None, , ['iter'], , None, , , None, None, , , , , , ["I don't know"], iter
272, None, None, , ['write'], , None, , , None, None, , , , , , ["I don't know"], tear_down
273, None, None, , ['create'], , None, , , None, None, , , , , , ['send_message'], test_createnodewithsender
274, None, None, , ['init'], , None, , , None, None, , , , , , ['init'], init
275, None, None, , ['init'], , None, , , None, None, , , , , , ["I don't know"], init
276, None, None, , ['validate'], , None, , , None, None, , , , , , ["I don't know"], init
277, None, None, , ['write'], , None, , , None, None, , , , , , ["I don't know"], test_setters
278, None, None, , ['write'], , None, , , None, None, , , , , , ["I don't know"], test_contentscopies
279, None, None, , ['getattr'], , None, , , None, None, , , , , , ["I don't know"], test_classnamedefinedpreviously
280, None, None, , ['add_field'], , None, , , None, None, , , , , , ['add_field'], add_field
281, None, None, , ['get_size'], , None, , , None, None, , , , , , ["I don't know"], byte_size
282, None, None, , ['formfield'], , None, , , None, None, , , , , , ['formfield'], formfield
283, None, None, , ['recalculate'], , None, , , None, None, , , , , , ["I don't know"], update
284, None, None, , ['difference'], , None, , , None, None, , , , , , ["I don't know"], newdir
285, None, None, , ['init'], , None, , , None, None, , , , , , ["I don't know"], init
286, None, None, , ['init'], , None, , , None, None, , , , , , ["I don't know"], init
287, None, None, , ['get'], , None, , , None, None, , , , , , ["I don't know"], get
288, None, None, , ['init'], , None, , , None, None, , , , , , ['init'], init
289, None, None, , ['close'], , None, , , None, None, , , , , , ['close'], close
290, None, None, , ['init'], , None, , , None, None, , , , , , ['init'], init
291, None, None, , ['create'], , None, , , None, None, , , , , , ['create'], create
292, None, None, , ['delete'], , None, , , None, None, , , , , , ['delete'], backwards
293, None, None, , ['register'], , None, , , None, None, , , , , , ['decorate'], compiles
294, None, None, , ['set_up'], , None, , , None, None, , , , , , ["I don't know"], set_up
295, None, None, , ['delete'], , None, , , None, None, , , , , , ['delete'], backwards
296, None, None, , ['deregister'], , None, , , None, None, , , , , , ['deregister'], exit
297, None, None, , ['create'], , None, , , None, None, , , , , , ["I don't know"], set_up
298, None, None, , ['redirect'], , None, , , None, None, , , , , , ["I don't know"], get
299, None, None, , ['move'], , None, , , None, None, , , , , , ["I don't know"], relativize
300, None, None, , ['init'], , None, , , None, None, , , , , , ["I don't know"], init
301, None, None, , ['convert'], , None, , , None, None, , , , , , ["I don't know"], repr
302, None, None, , ['test_faker'], , None, , , None, None, , , , , , ["I don't know"], init
303, None, None, , ['bincount'], , None, , , None, None, , , , , , ['bincount'], bincount
304, None, None, , ['test_func1'], , None, , , None, None, , , , , , ["I don't know"], test_bigrand
305, None, None, , ['init'], , None, , , None, None, , , , , , ['init'], init
306, None, None, , ['write'], , None, , , None, None, , , , , , ['write'], write
307, None, None, , ['open'], , None, , , None, None, , , , , , ["I don't know"], set_up
308, None, None, , ['print'], , None, , , None, None, , , , , , ["I don't know"], repr
309, None, None, , ['init'], , None, , , None, None, , , , , , ['init'], init
310, None, None, , ['uncamel'], , None, , , None, None, , , , , , ['uncamel'], uncamel
311, None, None, , ['open'], , None, , , None, None, , , , , , ['open'], open
312, None, None, , ['validate'], , None, , , None, None, , , , , , ["I don't know"], init
313, None, None, , ['init'], , None, , , None, None, , , , , , ["I don't know"], init
314, None, None, , ['test_logstderr'], , None, , , None, None, , , , , , ["I don't know"], init
315, None, None, , ['clear'], , None, , , None, None, , , , , , ['clear'], clear
316, None, None, , ['init'], , None, , , None, None, , , , , , ['init'], init
317, None, None, , ['write'], , None, , , None, None, , , , , , ['delete'], delete
318, None, None, , ['calculate_model_predictions'], , None, , , None, None, , , , , , ["I don't know"], calculate_model_predictions
319, None, None, , ['init'], , None, , , None, None, , , , , , ['init'], init
320, None, None, , ['render_template'], , None, , , None, None, , , , , , ["I don't know"], str
321, None, None, , ['fetch'], , None, , , None, None, , , , , , ["I don't know"], get
322, None, None, , ['print'], , None, , , None, None, , , , , , ["I don't know"], init
323, None, None, , ['init'], , None, , , None, None, , , , , , ["I don't know"], init
324, None, None, , ['save'], , None, , , None, None, , , , , , ['write'], init
325, None, None, , ['hash'], , None, , , None, None, , , , , , ["I don't know"], hash
326, None, None, , ['open'], , None, , , None, None, , , , , , ["I don't know"], init
327, None, None, , ['init'], , None, , , None, None, , , , , , ['init'], init
328, None, None, , ['test_func1'], , None, , , None, None, , , , , , ["I don't know"], test_main
329, None, None, , ['init'], , None, , , None, None, , , , , , ["I don't know"], set_up
330, None, None, , ['validate'], , None, , , None, None, , , , , , ["I don't know"], test_unprotect
331, None, None, , ['init'], , None, , , None, None, , , , , , ['init'], init
332, None, None, , ['print'], , None, , , None, None, , , , , , ["I don't know"], create
333, None, None, , ['assert'], , None, , , None, None, , , , , , ["I don't know"], test_colorsandweights
334, None, None, , ['test_centos6'], , None, , , None, None, , , , , , ["I don't know"], test_centos6
335, None, None, , ['loglikeobs'], , None, , , None, None, , , , , , ['loglike'], loglikeobs
336, None, None, , ['groupby'], , None, , , None, None, , , , , , ['groupby'], test_groupby
337, None, None, , ['init'], , None, , , None, None, , , , , , ['init'], init
338, None, None, , ['print'], , None, , , None, None, , , , , , ["I don't know"], init
339, None, None, , ['raycast'], , None, , , None, None, , , , , , ['raycast'], raycast
340, None, None, , ['init'], , None, , , None, None, , , , , , ["I don't know"], init
341, None, None, , ['write'], , None, , , None, None, , , , , , ["I don't know"], repr
342, None, None, , ['print'], , None, , , None, None, , , , , , ["I don't know"], test_nrdtrisd
343, None, None, , ['get'], , None, , , None, None, , , , , , ["I don't know"], getitem
344, None, None, , ['add_parameter'], , None, , , None, None, , , , , , ['add_parameter'], init
345, None, None, , ['displayhook'], , None, , , None, None, , , , , , ["I don't know"], set_up
346, None, None, , ['init'], , None, , , None, None, , , , , , ["I don't know"], set_up
347, None, None, , ['init'], , None, , , None, None, , , , , , ['init'], init
348, None, None, , ['init'], , None, , , None, None, , , , , , ["I don't know"], init
349, None, None, , ['getattr'], , None, , , None, None, , , , , , ['reprcall'], reprcall
350, None, None, , ['forwards'], , None, , , None, None, , , , , , ['write'], forwards
351, None, None, , ['create'], , None, , , None, None, , , , , , ["I don't know"], test_setters
352, None, None, , ['padarray'], , None, , , None, None, , , , , , ['padarray'], padarray
353, None, None, , ['init'], , None, , , None, None, , , , , , ['init'], init
354, None, None, , ['init'], , None, , , None, None, , , , , , ["I don't know"], init
355, None, None, , ['delete'], , None, , , None, None, , , , , , ['delete'], backwards
356, None, None, , ['test_func1'], , None, , , None, None, , , , , , ["I don't know"], test_main
357, None, None, , ['getframeinfo'], , None, , , None, None, , , , , , ['getframeinfo'], getframeinfo
358, None, None, , ['getattr'], , None, , , None, None, , , , , , ['init'], init
359, None, None, , ['equals'], , None, , , None, None, , , , , , ['equals'], eq
360, None, None, , ['test_func1'], , None, , , None, None, , , , , , ["I don't know"], test_tclass0double
361, None, None, , ['stop'], , None, , , None, None, , , , , , ["I don't know"], stop
362, None, None, , ['get'], , None, , , None, None, , , , , , ["I don't know"], test_5516
363, None, None, , ['init'], , None, , , None, None, , , , , , ["I don't know"], init
364, None, None, , ['print'], , None, , , None, None, , , , , , ["I don't know"], test_idxmapping_ndims
365, None, None, , ['print'], , None, , , None, None, , , , , , ["I don't know"], init
366, None, None, , ['convert'], , None, , , None, None, , , , , , ["I don't know"], set_up
367, None, None, , ['init'], , None, , , None, None, , , , , , ["I don't know"], init
368, None, None, , ['write'], , None, , , None, None, , , , , , ["I don't know"], init
369, None, None, , ['add'], , None, , , None, None, , , , , , ['add'], set_up
370, None, None, , ['init'], , None, , , None, None, , , , , , ['init'], init
371, None, None, , ['print'], , None, , , None, None, , , , , , ["I don't know"], init
372, None, None, , ['restart'], , None, , , None, None, , , , , , ['restart'], call
373, None, None, , ['send_message'], , None, , , None, None, , , , , , ['send_message'], opportunity
374, None, None, , ['tear_down'], , None, , , None, None, , , , , , ['extend'], tear_down
375, None, None, , ['create'], , None, , , None, None, , , , , , ['create'], create
376, None, None, , ['delete'], , None, , , None, None, , , , , , ["I don't know"], exit
377, None, None, , ['keypress'], , None, , , None, None, , , , , , ["I don't know"], typewrite
378, None, None, , ['reset'], , None, , , None, None, , , , , , ['reset'], init
379, None, None, , ['init'], , None, , , None, None, , , , , , ["I don't know"], init
380, None, None, , ['save'], , None, , , None, None, , , , , , ['delete'], backwards
381, None, None, , ['write'], , None, , , None, None, , , , , , ["I don't know"], init
382, None, None, , ['getattr'], , None, , , None, None, , , , , , ["I don't know"], get
383, None, None, , ['get_scheduledtaskname3'], , None, , , None, None, , , , , , ['get_scheduledtaskname3'], get_scheduledtaskname3
384, None, None, , ['stop'], , None, , , None, None, , , , , , ['stop'], tear_down
385, None, None, , ['set_up'], , None, , , None, None, , , , , , ['set_up'], set_up
386, None, None, , ['create'], , None, , , None, None, , , , , , ['create'], create
387, None, None, , ['validate'], , None, , , None, None, , , , , , ['validate'], init
388, None, None, , ['len'], , None, , , None, None, , , , , , ['len'], len
389, None, None, , ['init'], , None, , , None, None, , , , , , ['init'], init
390, None, None, , ['init'], , None, , , None, None, , , , , , ['init'], init
391, None, None, , ['validate'], , None, , , None, None, , , , , , ["I don't know"], eq
392, None, None, , ['init'], , None, , , None, None, , , , , , ['init'], init
393, None, None, , ['add'], , None, , , None, None, , , , , , ['add_column'], forwards
394, None, None, , ['init'], , None, , , None, None, , , , , , ['init'], init
395, None, None, , ['mod'], , None, , , None, None, , , , , , ["I don't know"], imod
396, None, None, , ['create'], , None, , , None, None, , , , , , ['create'], create
397, None, None, , ['delete'], , None, , , None, None, , , , , , ["I don't know"], str
398, None, None, , ['print'], , None, , , None, None, , , , , , ["I don't know"], test_ledger
399, None, None, , ['get_tells'], , None, , , None, None, , , , , , ["I don't know"], showtells
400, None, None, , ['receive'], , None, , , None, None, , , , , , ["I don't know"], test_extrabytespassedback
401, None, None, , ['print'], , None, , , None, None, , , , , , ["I don't know"], specific_code_cpp
402, None, None, , ['delete'], , None, , , None, None, , , , , , ['delete'], set_up
403, None, None, , ['delete'], , None, , , None, None, , , , , , ["I don't know"], str
404, None, None, , ['print'], , None, , , None, None, , , , , , ["I don't know"], init
405, None, None, , ['init'], , None, , , None, None, , , , , , ['init'], init
406, None, None, , ['init'], , None, , , None, None, , , , , , ['init'], init
407, None, None, , ['set_up'], , None, , , None, None, , , , , , ['signup'], set_up
408, None, None, , ['get'], , None, , , None, None, , , , , , ["I don't know"], get
409, None, None, , ['init'], , None, , , None, None, , , , , , ["I don't know"], init
410, None, None, , ['run'], , None, , , None, None, , , , , , ['run'], run
411, None, None, , ['init'], , None, , , None, None, , , , , , ["I don't know"], init
412, None, None, , ['init'], , None, , , None, None, , , , , , ['init'], init
413, None, None, , ['print'], , None, , , None, None, , , , , , ["I don't know"], set_up
414, None, None, , ['test_acovf2d'], , None, , , None, None, , , , , , ["I don't know"], test_acovf2d
415, None, None, , ['update'], , None, , , None, None, , , , , , ["I don't know"], init
416, None, None, , ['assert'], , None, , , None, None, , , , , , ["I don't know"], test_signdatacallbackerrorhandling
417, None, None, , ['equals'], , None, , , None, None, , , , , , ["I don't know"], themenameindexcompare
418, None, None, , ['set_up'], , None, , , None, None, , , , , , ['set_up'], set_up
419, None, None, , ['create'], , None, , , None, None, , , , , , ["I don't know"], init
420, None, None, , ['init'], , None, , , None, None, , , , , , ["I don't know"], init
421, None, None, , ['validate'], , None, , , None, None, , , , , , ["I don't know"], init
422, None, None, , ['joinseq'], , None, , , None, None, , , , , , ["I don't know"], joinseq
423, None, None, , ['print'], , None, , , None, None, , , , , , ['log'], test_logstderr
424, None, None, , ['init'], , None, , , None, None, , , , , , ['init'], init
425, None, None, , ['test_maxiter'], , None, , , None, None, , , , , , ["I don't know"], test_maxiter
426, None, None, , ['print'], , None, , , None, None, , , , , , ["I don't know"], create
427, None, None, , ['init'], , None, , , None, None, , , , , , ['init'], init
428, None, None, , ['init'], , None, , , None, None, , , , , , ['validate'], init
429, None, None, , ['print'], , None, , , None, None, , , , , , ["I don't know"], init
430, None, None, , ['close'], , None, , , None, None, , , , , , ['close'], close
431, None, None, , ['render_template'], , None, , , None, None, , , , , , ['render_template'], render_template
432, None, None, , ['create'], , None, , , None, None, , , , , , ['create'], set_up
433, None, None, , ['authenticate'], , None, , , None, None, , , , , , ['authenticate'], set_up
434, None, None, , ['memo'], , None, , , None, None, , , , , , ['memo'], memo
435, None, None, , ['print'], , None, , , None, None, , , , , , ["I don't know"], test_availablereceivedemptysender
436, None, None, , ['deliver'], , None, , , None, None, , , , , , ["I don't know"], test_finishedwitherrorwheninitial
437, None, None, , ['displayhook'], , None, , , None, None, , , , , , ["I don't know"], displayhook
438, None, None, , ['render_template'], , None, , , None, None, , , , , , ["I don't know"], specific_code_cpp
439, None, None, , ['update'], , None, , , None, None, , , , , , ['update'], init
440, None, None, , ['send_message'], , None, , , None, None, , , , , , ['send_message'], test_voice
441, None, None, , ['print'], , None, , , None, None, , , , , , ["I don't know"], create
442, None, None, , ['print'], , None, , , None, None, , , , , , ["I don't know"], init
443, None, None, , ['create'], , None, , , None, None, , , , , , ['create'], create
444, None, None, , ['postorder'], , None, , , None, None, , , , , , ["I don't know"], postorder
445, None, None, , ['assert'], , None, , , None, None, , , , , , ["I don't know"], test_sense
446, None, None, , ['send_message'], , None, , , None, None, , , , , , ['send_message'], send_message
447, None, None, , ['render_template'], , None, , , None, None, , , , , , ["I don't know"], repr
448, None, None, , ['init'], , None, , , None, None, , , , , , ['init'], init
449, None, None, , ['calculate_model_predictions'], , None, , , None, None, , , , , , ["I don't know"], calculate_model_predictions
450, None, None, , ['get'], , None, , , None, None, , , , , , ['get'], get
451, None, None, , ['init'], , None, , , None, None, , , , , , ['validate'], init
452, None, None, , ['init'], , None, , , None, None, , , , , , ['init'], init
453, None, None, , ['init'], , None, , , None, None, , , , , , ['init'], init
454, None, None, , ['init'], , None, , , None, None, , , , , , ["I don't know"], init
455, None, None, , ['run'], , None, , , None, None, , , , , , ['run'], run
456, None, None, , ['parsexml'], , None, , , None, None, , , , , , ["I don't know"], repr
457, None, None, , ['init'], , None, , , None, None, , , , , , ['create'], init
458, None, None, , ['calculate_model_predictions'], , None, , , None, None, , , , , , ["I don't know"], calculate_model_predictions
459, None, None, , ['parse'], , None, , , None, None, , , , , , ['parse'], parse
460, None, None, , ['print'], , None, , , None, None, , , , , , ['delete'], repr
461, None, None, , ['init'], , None, , , None, None, , , , , , ['init'], init
462, None, None, , ['request'], , None, , , None, None, , , , , , ['request'], request
463, None, None, , ['create'], , None, , , None, None, , , , , , ['create'], create
464, None, None, , ['converts'], , None, , , None, None, , , , , , ["I don't know"], init
465, None, None, , ['print'], , None, , , None, None, , , , , , ["I don't know"], init
466, None, None, , ['print'], , None, , , None, None, , , , , , ["I don't know"], init
467, None, None, , ['validate'], , None, , , None, None, , , , , , ['validate'], init
468, None, None, , ['print'], , None, , , None, None, , , , , , ["I don't know"], test_k0e
469, None, None, , ['write'], , None, , , None, None, , , , , , ['write'], exit
470, None, None, , ['delete'], , None, , , None, None, , , , , , ['delete'], set_up
471, None, None, , ['init'], , None, , , None, None, , , , , , ['init'], init
472, None, None, , ['write'], , None, , , None, None, , , , , , ["I don't know"], init
473, None, None, , ['initialize'], , None, , , None, None, , , , , , ["I don't know"], eq
474, None, None, , ['joinseq'], , None, , , None, None, , , , , , ["I don't know"], init
475, None, None, , ['validate'], , None, , , None, None, , , , , , ['init'], init
476, None, None, , ['print'], , None, , , None, None, , , , , , ["I don't know"], nspv
477, None, None, , ['delete'], , None, , , None, None, , , , , , ['delete'], delete
478, None, None, , ['print'], , None, , , None, None, , , , , , ["I don't know"], create
479, None, None, , ['read'], , None, , , None, None, , , , , , ['read'], read
480, None, None, , ['setattr'], , None, , , None, None, , , , , , ['setattr'], setattr
481, None, None, , ['train'], , None, , , None, None, , , , , , ["I don't know"], test_ae
482, None, None, , ['cubic'], , None, , , None, None, , , , , , ['cubic'], cubic
483, None, None, , ['set_up'], , None, , , None, None, , , , , , ["I don't know"], set_up
484, None, None, , ['print'], , None, , , None, None, , , , , , ['delete'], repr
485, None, None, , ['write'], , None, , , None, None, , , , , , ['write'], write
486, None, None, , ['create'], , None, , , None, None, , , , , , ['create'], create
487, None, None, , ['render_template'], , None, , , None, None, , , , , , ["I don't know"], str
488, None, None, , ['write'], , None, , , None, None, , , , , , ['write'], test_write
489, None, None, , ['validate'], , None, , , None, None, , , , , , ["I don't know"], specific_code_cpp
490, None, None, , ['print'], , None, , , None, None, , , , , , ["I don't know"], repr
491, None, None, , ['init'], , None, , , None, None, , , , , , ["I don't know"], init
492, None, None, , ['validate'], , None, , , None, None, , , , , , ["I don't know"], validate
493, None, None, , ['render_template'], , None, , , None, None, , , , , , ["I don't know"], test_get_data
494, None, None, , ['getattr'], , None, , , None, None, , , , , , ["I don't know"], repr
495, None, None, , ['test_func1'], , None, , , None, None, , , , , , ["I don't know"], test_combining
496, None, None, , ['print'], , None, , , None, None, , , , , , ["I don't know"], repr
497, None, None, , ['alter'], , None, , , None, None, , , , , , ["I don't know"], backwards
498, None, None, , ['create'], , None, , , None, None, , , , , , ["I don't know"], set_up
499, None, None, , ['run'], , None, , , None, None, , , , , , ["I don't know"], main
0, None, None, , ['init'], , None, , , None, None, , , , , , ['init'], init
1, None, None, , ['delete'], , None, , , None, None, , , , , , ["I don't know"], eq
2, None, None, , ['print'], , None, , , None, None, , , , , , ["I don't know"], set_up
3, None, None, , ['set_up'], , None, , , None, None, , , , , , ['set_up'], set_up
4, None, None, , ['print'], , None, , , None, None, , , , , , ["I don't know"], create
5, None, None, , ['dispatch'], , None, , , None, None, , , , , , ['dispatch'], dispatch
6, None, None, , ['lookup'], , None, , , None, None, , , , , , ["I don't know"], init
7, None, None, , ['discount'], , None, , , None, None, , , , , , ["I don't know"], fidelity
8, None, None, , ['reverse'], , None, , , None, None, , , , , , ["I don't know"], set_up
9, None, None, , ['init'], , None, , , None, None, , , , , , ["I don't know"], init
10, None, None, , ['create'], , None, , , None, None, , , , , , ["I don't know"], test_sslpositionalargs
11, None, None, , ['dispatch'], , None, , , None, None, , , , , , ['connect'], test_endpointconnectsuccess
12, None, None, , ['logistic'], , None, , , None, None, , , , , , ["I don't know"], pbubble
13, None, None, , ['clone'], , None, , , None, None, , , , , , ['clone'], clone
14, None, None, , ['init'], , None, , , None, None, , , , , , ['init'], init
15, None, None, , ['print'], , None, , , None, None, , , , , , ["I don't know"], init
16, None, None, , ['init'], , None, , , None, None, , , , , , ['init'], init
17, None, None, , ['dispatch'], , None, , , None, None, , , , , , ["I don't know"], init
18, None, None, , ['set_up'], , None, , , None, None, , , , , , ["I don't know"], set_up
19, None, None, , ['create'], , None, , , None, None, , , , , , ['create'], create
20, None, None, , ['get_queryset'], , None, , , None, None, , , , , , ['get_queryset'], get_queryset
21, None, None, , ['create'], , None, , , None, None, , , , , , ['create'], init
22, None, None, , ['create'], , None, , , None, None, , , , , , ['exported'], create
23, None, None, , ['converts'], , None, , , None, None, , , , , , ["I don't know"], init
24, None, None, , ['getitem'], , None, , , None, None, , , , , , ['getitem'], getitem
25, None, None, , ['create'], , None, , , None, None, , , , , , ['create'], forwards
26, None, None, , ['print'], , None, , , None, None, , , , , , ['print'], str
27, None, None, , ['test_kn'], , None, , , None, None, , , , , , ["I don't know"], test_kn
28, None, None, , ['initialize'], , None, , , None, None, , , , , , ["I don't know"], init
29, None, None, , ['append'], , None, , , None, None, , , , , , ["I don't know"], init
30, None, None, , ['validate'], , None, , , None, None, , , , , , ['validate'], init
31, None, None, , ['delete'], , None, , , None, None, , , , , , ['delete'], backwards
32, None, None, , ['init'], , None, , , None, None, , , , , , ["I don't know"], init
33, None, None, , ['visit'], , None, , , None, None, , , , , , ["I don't know"], init
34, None, None, , ['init'], , None, , , None, None, , , , , , ['init'], init
35, None, None, , ['print'], , None, , , None, None, , , , , , ["I don't know"], magnitude
36, None, None, , ['open_file'], , None, , , None, None, , , , , , ["I don't know"], read
37, None, None, , ['print'], , None, , , None, None, , , , , , ["I don't know"], create
38, None, None, , ['create'], , None, , , None, None, , , , , , ['create'], create
39, None, None, , ['configure'], , None, , , None, None, , , , , , ['configure'], drawpoly
40, None, None, , ['get'], , None, , , None, None, , , , , , ['display'], str
41, None, None, , ['create'], , None, , , None, None, , , , , , ['create'], create
42, None, None, , ['create'], , None, , , None, None, , , , , , ['create'], create
43, None, None, , ['init'], , None, , , None, None, , , , , , ["I don't know"], init
44, None, None, , ['assert'], , None, , , None, None, , , , , , ["I don't know"], test_checkparameters
45, None, None, , ['init'], , None, , , None, None, , , , , , ["I don't know"], init
46, None, None, , ['get_scheduledtaskid20'], , None, , , None, None, , , , , , ['get_scheduledtaskid20'], get_scheduledtaskid20
47, None, None, , ['cache'], , None, , , None, None, , , , , , ["I don't know"], call
48, None, None, , ['invoke'], , None, , , None, None, , , , , , ['invoke'], multicall
49, None, None, , ['lngettext'], , None, , , None, None, , , , , , ['lngettext'], lngettext
50, None, None, , ['hash'], , None, , , None, None, , , , , , ['hash'], hash
51, None, None, , ['set_up'], , None, , , None, None, , , , , , ["I don't know"], set_up
52, None, None, , ['gelman_rubin'], , None, , , None, None, , , , , , ['gelman_rubin'], gelman_rubin
53, None, None, , ['validate'], , None, , , None, None, , , , , , ['adfuller'], init
54, None, None, , ['calculate_model_predictions'], , None, , , None, None, , , , , , ["I don't know"], calculate_model_predictions
55, None, None, , ['get'], , None, , , None, None, , , , , , ['render'], get
56, None, None, , ['print'], , None, , , None, None, , , , , , ["I don't know"], init
57, None, None, , ['open_file'], , None, , , None, None, , , , , , ["I don't know"], init
58, None, None, , ['create'], , None, , , None, None, , , , , , ["I don't know"], test_setters
59, None, None, , ['set_up'], , None, , , None, None, , , , , , ['set_up'], set_up
60, None, None, , ['init'], , None, , , None, None, , , , , , ['init'], init
61, None, None, , ['set_sshkey'], , None, , , None, None, , , , , , ['set_sshkey'], set_sshkey
62, None, None, , ['get_context_data'], , None, , , None, None, , , , , , ['get_context_data'], get_context_data
63, None, None, , ['polytrafo'], , None, , , None, None, , , , , , ['poly1d'], test_lagrange
64, None, None, , ['print'], , None, , , None, None, , , , , , ["I don't know"], test_classfunctiondecorator
65, None, None, , ['init'], , None, , , None, None, , , , , , ["I don't know"], init
66, None, None, , ['calculate'], , None, , , None, None, , , , , , ["I don't know"], calculate_model_predictions
67, None, None, , ['update'], , None, , , None, None, , , , , , ["I don't know"], init
68, None, None, , ['print'], , None, , , None, None, , , , , , ["I don't know"], additionaldefinitioncode
69, None, None, , ['init'], , None, , , None, None, , , , , , ['init'], init
70, None, None, , ['start'], , None, , , None, None, , , , , , ['start'], start
71, None, None, , ['init'], , None, , , None, None, , , , , , ['init'], init
72, None, None, , ['set_up'], , None, , , None, None, , , , , , ["I don't know"], set_up
73, None, None, , ['init'], , None, , , None, None, , , , , , ['init'], init
74, None, None, , ['write'], , None, , , None, None, , , , , , ["I don't know"], eq
75, None, None, , ['assert'], , None, , , None, None, , , , , , ["I don't know"], test_get
76, None, None, , ['convert'], , None, , , None, None, , , , , , ["I don't know"], set_up
77, None, None, , ['get'], , None, , , None, None, , , , , , ["I don't know"], get
78, None, None, , ['print'], , None, , , None, None, , , , , , ["I don't know"], create
79, None, None, , ['set_up'], , None, , , None, None, , , , , , ["I don't know"], set_up
80, None, None, , ['update'], , None, , , None, None, , , , , , ['init'], init
81, None, None, , ['test_betainc'], , None, , , None, None, , , , , , ["I don't know"], test_betainc
82, None, None, , ['convert'], , None, , , None, None, , , , , , ["I don't know"], set_up
83, None, None, , ['str'], , None, , , None, None, , , , , , ["I don't know"], str
84, None, None, , ['uniq'], , None, , , None, None, , , , , , ['uniq'], uniq
85, None, None, , ['validate'], , None, , , None, None, , , , , , ["I don't know"], specific_code_cpp
86, None, None, , ['create'], , None, , , None, None, , , , , , ['create'], create
87, None, None, , ['set_up'], , None, , , None, None, , , , , , ['set_up'], set_up
88, None, None, , ['fixcommand'], , None, , , None, None, , , , , , ['fixcommand'], fixcommand
89, None, None, , ['write'], , None, , , None, None, , , , , , ['write'], exit
90, None, None, , ['test'], , None, , , None, None, , , , , , ['test'], test_huber
91, None, None, , ['cache'], , None, , , None, None, , , , , , ["I don't know"], init
92, None, None, , ['call'], , None, , , None, None, , , , , , ["I don't know"], call
93, None, None, , ['init'], , None, , , None, None, , , , , , ['init'], str
94, None, None, , ['init'], , None, , , None, None, , , , , , ["I don't know"], init
95, None, None, , ['get'], , None, , , None, None, , , , , , ["I don't know"], get
96, None, None, , ['validate'], , None, , , None, None, , , , , , ["I don't know"], specific_code_cpp
97, None, None, , ['init'], , None, , , None, None, , , , , , ["I don't know"], init
98, None, None, , ['print'], , None, , , None, None, , , , , , ["I don't know"], visit_superscript
99, None, None, , ['append'], , None, , , None, None, , , , , , ["I don't know"], appendinterval
100, None, None, , ['init'], , None, , , None, None, , , , , , ['init'], init
101, None, None, , ['print'], , None, , , None, None, , , , , , ["I don't know"], init
102, None, None, , ['set_up'], , None, , , None, None, , , , , , ['create'], set_up
103, None, None, , ['get_parser'], , None, , , None, None, , , , , , ['get_parser'], get_parser
104, None, None, , ['login'], , None, , , None, None, , , , , , ['login'], enter
105, None, None, , ['get'], , None, , , None, None, , , , , , ["I don't know"], test
106, None, None, , ['sets'], , None, , , None, None, , , , , , ["I don't know"], init
107, None, None, , ['get'], , None, , , None, None, , , , , , ["I don't know"], try_merge
108, None, None, , ['subscribe'], , None, , , None, None, , , , , , ["I don't know"], test_fromelementsubscribewithoptionsempty
109, None, None, , ['init'], , None, , , None, None, , , , , , ['init'], init
110, None, None, , ['initialize'], , None, , , None, None, , , , , , ['init'], init
111, None, None, , ['init'], , None, , , None, None, , , , , , ["I don't know"], init
112, None, None, , ['encode'], , None, , , None, None, , , , , , ['encode'], encodetemp
113, None, None, , ['parse_file'], , None, , , None, None, , , , , , ["I don't know"], test_rmse
114, None, None, , ['get_scheduledtaskname10'], , None, , , None, None, , , , , , ["I don't know"], get_scheduledtaskname10
115, None, None, , ['clone'], , None, , , None, None, , , , , , ['clone'], clone
116, None, None, , ['init'], , None, , , None, None, , , , , , ["I don't know"], init
117, None, None, , ['calculate'], , None, , , None, None, , , , , , ["I don't know"], calculate_model_predictions
118, None, None, , ['print'], , None, , , None, None, , , , , , ["I don't know"], tear_down
119, None, None, , ['get'], , None, , , None, None, , , , , , ['get_queryset'], get
120, None, None, , ['edit'], , None, , , None, None, , , , , , ["I don't know"], run
121, None, None, , ['parse_file'], , None, , , None, None, , , , , , ["I don't know"], init
122, None, None, , ['init'], , None, , , None, None, , , , , , ["I don't know"], init
123, None, None, , ['update'], , None, , , None, None, , , , , , ['update'], update
124, None, None, , ['read'], , None, , , None, None, , , , , , ['read'], read
125, None, None, , ['put'], , None, , , None, None, , , , , , ['put'], output_unchecked
126, None, None, , ['add'], , None, , , None, None, , , , , , ["I don't know"], set_up
127, None, None, , ['init'], , None, , , None, None, , , , , , ['init'], init
128, None, None, , ['reset'], , None, , , None, None, , , , , , ["I don't know"], call
129, None, None, , ['retrieve'], , None, , , None, None, , , , , , ['retrieve'], from_json
130, None, None, , ['parse_selinux'], , None, , , None, None, , , , , , ['parse'], parse_selinux
131, None, None, , ['update'], , None, , , None, None, , , , , , ['init'], init
132, None, None, , ['multiply'], , None, , , None, None, , , , , , ['multiply'], gtvec
133, None, None, , ['parse_file'], , None, , , None, None, , , , , , ['run'], run
134, None, None, , ['create'], , None, , , None, None, , , , , , ["I don't know"], create
135, None, None, , ['parse_file'], , None, , , None, None, , , , , , ["I don't know"], init
136, None, None, , ['init'], , None, , , None, None, , , , , , ['init'], init
137, None, None, , ['init'], , None, , , None, None, , , , , , ["I don't know"], init
138, None, None, , ['execute'], , None, , , None, None, , , , , , ['execute'], call
139, None, None, , ['parse_file'], , None, , , None, None, , , , , , ['parse_file'], test_gradientboostedbinaryclassificationexhaustivesplits
140, None, None, , ['validate'], , None, , , None, None, , , , , , ['validate'], validate
141, None, None, , ['convert'], , None, , , None, None, , , , , , ["I don't know"], uncompand
142, None, None, , ['print'], , None, , , None, None, , , , , , ["I don't know"], init
143, None, None, , ['calculate'], , None, , , None, None, , , , , , ["I don't know"], init
144, None, None, , ['init'], , None, , , None, None, , , , , , ["I don't know"], init
145, None, None, , ['init'], , None, , , None, None, , , , , , ['init'], init
146, None, None, , ['write'], , None, , , None, None, , , , , , ['write'], create
147, None, None, , ['start'], , None, , , None, None, , , , , , ['start'], test_dostart
148, None, None, , ['init'], , None, , , None, None, , , , , , ['init'], init
149, None, None, , ['validate'], , None, , , None, None, , , , , , ["I don't know"], init
150, None, None, , ['upgrade'], , None, , , None, None, , , , , , ["I don't know"], init
151, None, None, , ['update'], , None, , , None, None, , , , , , ["I don't know"], waitforkeypress
152, None, None, , ['print'], , None, , , None, None, , , , , , ["I don't know"], init
153, None, None, , ['delete'], , None, , , None, None, , , , , , ['remove'], tear_down
154, None, None, , ['init'], , None, , , None, None, , , , , , ["I don't know"], init
155, None, None, , ['delete'], , None, , , None, None, , , , , , ['delete'], delitem
156, None, None, , ['init'], , None, , , None, None, , , , , , ['init'], init
157, None, None, , ['add'], , None, , , None, None, , , , , , ['add'], drawbox
158, None, None, , ['initialize'], , None, , , None, None, , , , , , ['initialize'], init
159, None, None, , ['init'], , None, , , None, None, , , , , , ['init'], init
160, None, None, , ['test_tc1floater'], , None, , , None, None, , , , , , ["I don't know"], test_tc1floater
161, None, None, , ['parsexml'], , None, , , None, None, , , , , , ['parsexml'], test_compile11
162, None, None, , ['init'], , None, , , None, None, , , , , , ["I don't know"], init
163, None, None, , ['init'], , None, , , None, None, , , , , , ['init'], init
164, None, None, , ['configure'], , None, , , None, None, , , , , , ['configure'], setitem
165, None, None, , ['print'], , None, , , None, None, , , , , , ["I don't know"], create
166, None, None, , ['init'], , None, , , None, None, , , , , , ["I don't know"], init
167, None, None, , ['init'], , None, , , None, None, , , , , , ["I don't know"], init
168, None, None, , ['add_column'], , None, , , None, None, , , , , , ['add_column'], forwards
169, None, None, , ['init'], , None, , , None, None, , , , , , ["I don't know"], init
170, None, None, , ['init'], , None, , , None, None, , , , , , ["I don't know"], init
171, None, None, , ['print'], , None, , , None, None, , , , , , ["I don't know"], init
172, None, None, , ['print'], , None, , , None, None, , , , , , ["I don't know"], test_notimplemented
173, None, None, , ['get_scheduledtaskid8'], , None, , , None, None, , , , , , ['get_scheduledtaskid8'], get_scheduledtaskid8
174, None, None, , ['write'], , None, , , None, None, , , , , , ['write'], create
175, None, None, , ['init'], , None, , , None, None, , , , , , ['init'], init
176, None, None, , ['init'], , None, , , None, None, , , , , , ['initialize'], init
177, None, None, , ['remove'], , None, , , None, None, , , , , , ['read'], read
178, None, None, , ['validate'], , None, , , None, None, , , , , , ['import'], test_missingzopenamespace
179, None, None, , ['init'], , None, , , None, None, , , , , , ['init'], init
180, None, None, , ['init'], , None, , , None, None, , , , , , ['init'], init
181, None, None, , ['getargspec'], , None, , , None, None, , , , , , ['getargspec'], getargspec
182, None, None, , ['with'], , None, , , None, None, , , , , , ["I don't know"], test_withstatementundefinedinside
183, None, None, , ['create'], , None, , , None, None, , , , , , ['create'], get_parser
184, None, None, , ['print'], , None, , , None, None, , , , , , ["I don't know"], test_ol
185, None, None, , ['validate'], , None, , , None, None, , , , , , ["I don't know"], init
186, None, None, , ['open_file'], , None, , , None, None, , , , , , ["I don't know"], ned
187, None, None, , ['init'], , None, , , None, None, , , , , , ["I don't know"], init
188, None, None, , ['parse_file'], , None, , , None, None, , , , , , ["I don't know"], get_parser
189, None, None, , ['set_up'], , None, , , None, None, , , , , , ["I don't know"], set_up
190, None, None, , ['join'], , None, , , None, None, , , , , , ["I don't know"], init
191, None, None, , ['init'], , None, , , None, None, , , , , , ["I don't know"], init
192, None, None, , ['parse_file'], , None, , , None, None, , , , , , ["I don't know"], repr
193, None, None, , ['tear_down'], , None, , , None, None, , , , , , ['tear_down'], tear_down
194, None, None, , ['init'], , None, , , None, None, , , , , , ['init'], init
195, None, None, , ['init'], , None, , , None, None, , , , , , ["I don't know"], init
196, None, None, , ['delete'], , None, , , None, None, , , , , , ['delete'], backwards
197, None, None, , ['parse_file'], , None, , , None, None, , , , , , ['parse_file'], parse_file
198, None, None, , ['validate'], , None, , , None, None, , , , , , ["I don't know"], eq
199, None, None, , ['error'], , None, , , None, None, , , , , , ["I don't know"], visit_hlistcol
200, None, None, , ['join'], , None, , , None, None, , , , , , ["I don't know"], test_multidim
201, None, None, , ['init'], , None, , , None, None, , , , , , ['init'], init
202, None, None, , ['create'], , None, , , None, None, , , , , , ['tangible'], create
203, None, None, , ['print'], , None, , , None, None, , , , , , ["I don't know"], init
204, None, None, , ['init'], , None, , , None, None, , , , , , ['init'], init
205, None, None, , ['init'], , None, , , None, None, , , , , , ['init'], init
206, None, None, , ['print'], , None, , , None, None, , , , , , ["I don't know"], repr
207, None, None, , ['init'], , None, , , None, None, , , , , , ['init'], init
208, None, None, , ['execute'], , None, , , None, None, , , , , , ['execute'], open_file
209, None, None, , ['detach'], , None, , , None, None, , , , , , ["I don't know"], create
210, None, None, , ['delete'], , None, , , None, None, , , , , , ['delete'], backwards
211, None, None, , ['update'], , None, , , None, None, , , , , , ["I don't know"], set_up
212, None, None, , ['get'], , None, , , None, None, , , , , , ['get'], get
213, None, None, , ['convert'], , None, , , None, None, , , , , , ["I don't know"], repr
214, None, None, , ['write'], , None, , , None, None, , , , , , ["I don't know"], init
215, None, None, , ['save'], , None, , , None, None, , , , , , ['save'], save
216, None, None, , ['residue'], , None, , , None, None, , , , , , ['assert'], test_basic1
217, None, None, , ['save'], , None, , , None, None, , , , , , ['save'], save
218, None, None, , ['wait'], , None, , , None, None, , , , , , ["I don't know"], exit
219, None, None, , ['create'], , None, , , None, None, , , , , , ['create'], create
220, None, None, , ['init'], , None, , , None, None, , , , , , ['init'], init
221, None, None, , ['write'], , None, , , None, None, , , , , , ["I don't know"], repr
222, None, None, , ['close'], , None, , , None, None, , , , , , ['close'], close
223, None, None, , ['update'], , None, , , None, None, , , , , , ["I don't know"], init
224, None, None, , ['initialize'], , None, , , None, None, , , , , , ['initialize'], init
225, None, None, , ['create'], , None, , , None, None, , , , , , ['create'], create
226, None, None, , ['converts'], , None, , , None, None, , , , , , ["I don't know"], create
227, None, None, , ['init'], , None, , , None, None, , , , , , ["I don't know"], init
228, None, None, , ['create'], , None, , , None, None, , , , , , ["I don't know"], init
229, None, None, , ['init'], , None, , , None, None, , , , , , ["I don't know"], init
230, None, None, , ['test'], , None, , , None, None, , , , , , ["I don't know"], test_nbdtrin
231, None, None, , ['init'], , None, , , None, None, , , , , , ["I don't know"], init
232, None, None, , ['test'], , None, , , None, None, , , , , , ["I don't know"], test_pdtr
233, None, None, , ['load'], , None, , , None, None, , , , , , ["I don't know"], init
234, None, None, , ['init'], , None, , , None, None, , , , , , ["I don't know"], init
235, None, None, , ['resize'], , None, , , None, None, , , , , , ['resize'], screensize
236, None, None, , ['save'], , None, , , None, None, , , , , , ['save'], add
237, None, None, , ['delete'], , None, , , None, None, , , , , , ['delete'], backwards
238, None, None, , ['get'], , None, , , None, None, , , , , , ["I don't know"], get_ephemerals
239, None, None, , ['send_request_body_finished_early_then_too_many'], , None, , , None, None, , , , , , ["I don't know"], test_sendrequestbodyfinishedearlythentoomanybytes
240, None, None, , ['print'], , None, , , None, None, , , , , , ["I don't know"], test_missing2
241, None, None, , ['print'], , None, , , None, None, , , , , , ["I don't know"], init
242, None, None, , ['parse_file'], , None, , , None, None, , , , , , ["I don't know"], init
243, None, None, , ['assert'], , None, , , None, None, , , , , , ["I don't know"], test_offsetindoctests
244, None, None, , ['assert'], , None, , , None, None, , , , , , ["I don't know"], test_genrandbits
245, None, None, , ['receive'], , None, , , None, None, , , , , , ["I don't know"], test_receivedgroupchat
246, None, None, , ['scaled'], , None, , , None, None, , , , , , ["I don't know"], init
247, None, None, , ['set_up'], , None, , , None, None, , , , , , ["I don't know"], set_up
248, None, None, , ['paste'], , None, , , None, None, , , , , , ['paste'], pastetint
249, None, None, , ['stop'], , None, , , None, None, , , , , , ['stop'], stop
250, None, None, , ['start'], , None, , , None, None, , , , , , ['start'], start
251, None, None, , ['update'], , None, , , None, None, , , , , , ["I don't know"], init
252, None, None, , ['init'], , None, , , None, None, , , , , , ['init'], init
253, None, None, , ['dispatch'], , None, , , None, None, , , , , , ["I don't know"], init
254, None, None, , ['save'], , None, , , None, None, , , , , , ['save'], init
255, None, None, , ['init'], , None, , , None, None, , , , , , ["I don't know"], init
256, None, None, , ['init'], , None, , , None, None, , , , , , ["I don't know"], init
257, None, None, , ['set_up'], , None, , , None, None, , , , , , ['set_up'], set_up
258, None, None, , ['print'], , None, , , None, None, , , , , , ["I don't know"], init
259, None, None, , ['convert'], , None, , , None, None, , , , , , ["I don't know"], getconv
260, None, None, , ['clone'], , None, , , None, None, , , , , , ["I don't know"], deannotate
261, None, None, , ['open_file'], , None, , , None, None, , , , , , ["I don't know"], init
262, None, None, , ['print'], , None, , , None, None, , , , , , ["I don't know"], repr
263, None, None, , ['variance'], , None, , , None, None, , , , , , ["I don't know"], variance
264, None, None, , ['update'], , None, , , None, None, , , , , , ['update'], put
265, None, None, , ['test'], , None, , , None, None, , , , , , ["I don't know"], test_egg2
266, None, None, , ['print'], , None, , , None, None, , , , , , ["I don't know"], get
267, None, None, , ['init'], , None, , , None, None, , , , , , ["I don't know"], init
268, None, None, , ['init'], , None, , , None, None, , , , , , ["I don't know"], init
269, None, None, , ['format'], , None, , , None, None, , , , , , ['format'], formatargvalues
270, None, None, , ['redis'], , None, , , None, None, , , , , , ["I don't know"], init
271, None, None, , ['create'], , None, , , None, None, , , , , , ["I don't know"], set_up
272, None, None, , ['heightmap_lerp_hm'], , None, , , None, None, , , , , , ["I don't know"], heightmap_lerp_hm
273, None, None, , ['write'], , None, , , None, None, , , , , , ['write'], write
274, None, None, , ['set_up'], , None, , , None, None, , , , , , ["I don't know"], set_up
275, None, None, , ['print'], , None, , , None, None, , , , , , ["I don't know"], test_md5sesshasha2authint
276, None, None, , ['print'], , None, , , None, None, , , , , , ["I don't know"], init
277, None, None, , ['init'], , None, , , None, None, , , , , , ['init'], init
278, None, None, , ['poly'], , None, , , None, None, , , , , , ['poly'], test_simple3
279, None, None, , ['print'], , None, , , None, None, , , , , , ["I don't know"], init
280, None, None, , ['getattr'], , None, , , None, None, , , , , , ["I don't know"], setattr
281, None, None, , ['parsexml'], , None, , , None, None, , , , , , ["I don't know"], bell
282, None, None, , ['cleanpendingreturnsdelayedcallstrings'], , None, , , None, None, , , , , , ["I don't know"], test_cleanpendingreturnsdelayedcallstrings
283, None, None, , ['get_basedir'], , None, , , None, None, , , , , , ['get_basedir'], get_basedir
284, None, None, , ['close'], , None, , , None, None, , , , , , ['close'], close
285, None, None, , ['set_zorder'], , None, , , None, None, , , , , , ['set_zorder'], set_zorder
286, None, None, , ['write'], , None, , , None, None, , , , , , ['write'], create
287, None, None, , ['print'], , None, , , None, None, , , , , , ["I don't know"], toordinal
288, None, None, , ['parse_file'], , None, , , None, None, , , , , , ["I don't know"], try_merge
289, None, None, , ['init'], , None, , , None, None, , , , , , ["I don't know"], init
290, None, None, , ['delete'], , None, , , None, None, , , , , , ['delete'], unicode
291, None, None, , ['get_scheduledaction10'], , None, , , None, None, , , , , , ["I don't know"], get_scheduledaction10
292, None, None, , ['visit_copyright'], , None, , , None, None, , , , , , ["I don't know"], visit_copyright
293, None, None, , ['calculate_model_predictions'], , None, , , None, None, , , , , , ["I don't know"], calculate_model_predictions
294, None, None, , ['save'], , None, , , None, None, , , , , , ["I don't know"], specific_code_cpp
295, None, None, , ['compute'], , None, , , None, None, , , , , , ['compute'], polytrafo
296, None, None, , ['downsample'], , None, , , None, None, , , , , , ["I don't know"], test_downsamplefactormaxgrad
297, None, None, , ['print'], , None, , , None, None, , , , , , ["I don't know"], init
298, None, None, , ['print'], , None, , , None, None, , , , , , ["I don't know"], repr
299, None, None, , ['notimplemented'], , None, , , None, None, , , , , , ["I don't know"], get_file
300, None, None, , ['set_up'], , None, , , None, None, , , , , , ["I don't know"], set_up
301, None, None, , ['initialize'], , None, , , None, None, , , , , , ['initgroups'], init
302, None, None, , ['notifyremote'], , None, , , None, None, , , , , , ['notify'], test_notifyremote
303, None, None, , ['specialize'], , None, , , None, None, , , , , , ['specialize'], specialize
304, None, None, , ['add'], , None, , , None, None, , , , , , ['add'], test_addrsaidentitywithcomment
305, None, None, , ['print'], , None, , , None, None, , , , , , ["I don't know"], str
306, None, None, , ['delete'], , None, , , None, None, , , , , , ['delete'], delete
307, None, None, , ['parsexml'], , None, , , None, None, , , , , , ["I don't know"], toarray
308, None, None, , ['calculate_model_predictions'], , None, , , None, None, , , , , , ["I don't know"], calculate_model_predictions
309, None, None, , ['delete'], , None, , , None, None, , , , , , ['delete'], backwards
310, None, None, , ['init'], , None, , , None, None, , , , , , ["I don't know"], init
311, None, None, , ['init'], , None, , , None, None, , , , , , ['init'], init
312, None, None, , ['init'], , None, , , None, None, , , , , , ['init'], init
313, None, None, , ['init'], , None, , , None, None, , , , , , ['init'], init
314, None, None, , ['add'], , None, , , None, None, , , , , , ['add'], add
315, None, None, , ['init'], , None, , , None, None, , , , , , ['init'], init
316, None, None, , ['open_file'], , None, , , None, None, , , , , , ['open'], set_up
317, None, None, , ['connect'], , None, , , None, None, , , , , , ["I don't know"], init
318, None, None, , ['init'], , None, , , None, None, , , , , , ['init'], init
319, None, None, , ['print'], , None, , , None, None, , , , , , ["I don't know"], init
320, None, None, , ['create'], , None, , , None, None, , , , , , ['create'], create
321, None, None, , ['prepare'], , None, , , None, None, , , , , , ['show'], imshow
322, None, None, , ['remove'], , None, , , None, None, , , , , , ['remove'], remove
323, None, None, , ['init'], , None, , , None, None, , , , , , ["I don't know"], init
324, None, None, , ['parse_file'], , None, , , None, None, , , , , , ["I don't know"], init
325, None, None, , ['set_up_class'], , None, , , None, None, , , , , , ['set_up_class'], set_up_class
326, None, None, , ['new'], , None, , , None, None, , , , , , ["I don't know"], init
327, None, None, , ['create'], , None, , , None, None, , , , , , ['create'], create
328, None, None, , ['print'], , None, , , None, None, , , , , , ["I don't know"], create
329, None, None, , ['init'], , None, , , None, None, , , , , , ['init'], init
330, None, None, , ['orth'], , None, , , None, None, , , , , , ['construct'], orth
331, None, None, , ['calculate_model_predictions'], , None, , , None, None, , , , , , ["I don't know"], calculate_model_predictions
332, None, None, , ['dispatch'], , None, , , None, None, , , , , , ["I don't know"], test_endpointlistenfailure
333, None, None, , ['merge'], , None, , , None, None, , , , , , ["I don't know"], frexp
334, None, None, , ['unsubscribe'], , None, , , None, None, , , , , , ["I don't know"], test_fromelementunsubscribenojid
335, None, None, , ['run'], , None, , , None, None, , , , , , ['run'], test_getargs
336, None, None, , ['print'], , None, , , None, None, , , , , , ["I don't know"], len
337, None, None, , ['create'], , None, , , None, None, , , , , , ['create'], create
338, None, None, , ['init'], , None, , , None, None, , , , , , ["I don't know"], init
339, None, None, , ['save'], , None, , , None, None, , , , , , ['save'], save
340, None, None, , ['parse_file'], , None, , , None, None, , , , , , ["I don't know"], try_merge
341, None, None, , ['register'], , None, , , None, None, , , , , , ['register'], error
342, None, None, , ['init'], , None, , , None, None, , , , , , ["I don't know"], init
343, None, None, , ['print'], , None, , , None, None, , , , , , ["I don't know"], test_sslchainfilemustcontaincert
344, None, None, , ['set_up'], , None, , , None, None, , , , , , ['set_up'], init
345, None, None, , ['getattr'], , None, , , None, None, , , , , , ["I don't know"], getattr
346, None, None, , ['print'], , None, , , None, None, , , , , , ["I don't know"], str
347, None, None, , ['init'], , None, , , None, None, , , , , , ["I don't know"], init
348, None, None, , ['init'], , None, , , None, None, , , , , , ["I don't know"], init
349, None, None, , ['print'], , None, , , None, None, , , , , , ["I don't know"], getfield
350, None, None, , ['close'], , None, , , None, None, , , , , , ['close'], close
351, None, None, , ['error'], , None, , , None, None, , , , , , ["I don't know"], init
352, None, None, , ['init'], , None, , , None, None, , , , , , ['init'], init
353, None, None, , ['hierarchy'], , None, , , None, None, , , , , , ["I don't know"], getclasstree
354, None, None, , ['init'], , None, , , None, None, , , , , , ["I don't know"], init
355, None, None, , ['new'], , None, , , None, None, , , , , , ['new'], init
356, None, None, , ['asserts'], , None, , , None, None, , , , , , ["I don't know"], specific_code_cpp
357, None, None, , ['read'], , None, , , None, None, , , , , , ["I don't know"], read
358, None, None, , ['tear_down'], , None, , , None, None, , , , , , ['tear_down'], tear_down
359, None, None, , ['calculate_model_predictions'], , None, , , None, None, , , , , , ['calculate_model_predictions'], calculate_model_predictions
360, None, None, , ['validate'], , None, , , None, None, , , , , , ["I don't know"], test_untls
361, None, None, , ['print'], , None, , , None, None, , , , , , ["I don't know"], specific_code_cpp
362, None, None, , ['open_file'], , None, , , None, None, , , , , , ["I don't know"], init
363, None, None, , ['repr'], , None, , , None, None, , , , , , ['repr'], repr
364, None, None, , ['setattr'], , None, , , None, None, , , , , , ['setattr'], setattr
365, None, None, , ['validate'], , None, , , None, None, , , , , , ["I don't know"], init
366, None, None, , ['delete'], , None, , , None, None, , , , , , ['delete'], tear_down
367, None, None, , ['stripresource'], , None, , , None, None, , , , , , ['stripresource'], stripresource
368, None, None, , ['print'], , None, , , None, None, , , , , , ["I don't know"], init
369, None, None, , ['print'], , None, , , None, None, , , , , , ["I don't know"], len
370, None, None, , ['parse'], , None, , , None, None, , , , , , ["I don't know"], init
371, None, None, , ['pound'], , None, , , None, None, , , , , , ["I don't know"], pound
372, None, None, , ['initialize'], , None, , , None, None, , , , , , ["I don't know"], init
373, None, None, , ['create'], , None, , , None, None, , , , , , ['create'], test_paranthesis
374, None, None, , ['print'], , None, , , None, None, , , , , , ["I don't know"], init
375, None, None, , ['init'], , None, , , None, None, , , , , , ["I don't know"], init
376, None, None, , ['init'], , None, , , None, None, , , , , , ['init'], init
377, None, None, , ['validate'], , None, , , None, None, , , , , , ["I don't know"], test_nousername
378, None, None, , ['set_up'], , None, , , None, None, , , , , , ['set_up'], set_up
379, None, None, , ['init'], , None, , , None, None, , , , , , ['init'], init
380, None, None, , ['create'], , None, , , None, None, , , , , , ['create'], init
381, None, None, , ['print'], , None, , , None, None, , , , , , ['delete'], get
382, None, None, , ['heal'], , None, , , None, None, , , , , , ['damage'], heal
383, None, None, , ['create'], , None, , , None, None, , , , , , ['create'], create
384, None, None, , ['create'], , None, , , None, None, , , , , , ['create'], create
385, None, None, , ['initialize'], , None, , , None, None, , , , , , ["I don't know"], init
386, None, None, , ['init'], , None, , , None, None, , , , , , ["I don't know"], init
387, None, None, , ['update'], , None, , , None, None, , , , , , ['alter'], backwards
388, None, None, , ['set_up'], , None, , , None, None, , , , , , ["I don't know"], set_up
389, None, None, , ['init'], , None, , , None, None, , , , , , ['init'], init
390, None, None, , ['initialize'], , None, , , None, None, , , , , , ['initialize'], init
391, None, None, , ['validate'], , None, , , None, None, , , , , , ["I don't know"], init
392, None, None, , ['print'], , None, , , None, None, , , , , , ["I don't know"], init
393, None, None, , ['gmap'], , None, , , None, None, , , , , , ['parse_file'], gmap
394, None, None, , ['borrowdoc'], , None, , , None, None, , , , , , ['borrowdoc'], borrowdoc
395, None, None, , ['test'], , None, , , None, None, , , , , , ['test'], test_seedcorrelationanalyzer
396, None, None, , ['init'], , None, , , None, None, , , , , , ['init'], init
397, None, None, , ['delete'], , None, , , None, None, , , , , , ['delete'], delete
398, None, None, , ['print'], , None, , , None, None, , , , , , ["I don't know"], init
399, None, None, , ['import'], , None, , , None, None, , , , , , ["I don't know"], set_up
400, None, None, , ['outport'], , None, , , None, None, , , , , , ["I don't know"], outport
401, None, None, , ['parsexml'], , None, , , None, None, , , , , , ["I don't know"], test_assigninforloop
402, None, None, , ['hostlist'], , None, , , None, None, , , , , , ["I don't know"], hostlist
403, None, None, , ['print'], , None, , , None, None, , , , , , ["I don't know"], str
404, None, None, , ['start'], , None, , , None, None, , , , , , ["I don't know"], init
405, None, None, , ['init'], , None, , , None, None, , , , , , ["I don't know"], init
406, None, None, , ['get_queryset'], , None, , , None, None, , , , , , ['get_queryset'], get_queryset
407, None, None, , ['init'], , None, , , None, None, , , , , , ["I don't know"], init
408, None, None, , ['strides'], , None, , , None, None, , , , , , ["I don't know"], s2o
409, None, None, , ['initialize'], , None, , , None, None, , , , , , ["I don't know"], init
410, None, None, , ['init'], , None, , , None, None, , , , , , ['init'], init
411, None, None, , ['write'], , None, , , None, None, , , , , , ["I don't know"], str
412, None, None, , ['focus'], , None, , , None, None, , , , , , ["I don't know"], run
413, None, None, , ['yield'], , None, , , None, None, , , , , , ["I don't know"], iter
414, None, None, , ['run'], , None, , , None, None, , , , , , ["I don't know"], main
415, None, None, , ['delete'], , None, , , None, None, , , , , , ['delete'], delete
416, None, None, , ['cache'], , None, , , None, None, , , , , , ["I don't know"], init
417, None, None, , ['update'], , None, , , None, None, , , , , , ["I don't know"], init
418, None, None, , ['get'], , None, , , None, None, , , , , , ["I don't know"], getsessionprob
419, None, None, , ['get_context_data'], , None, , , None, None, , , , , , ['get_context_data'], get_context_data
420, None, None, , ['tear_down'], , None, , , None, None, , , , , , ['tear_down'], tear_down
421, None, None, , ['get'], , None, , , None, None, , , , , , ["I don't know"], irshift
422, None, None, , ['set_up'], , None, , , None, None, , , , , , ['set_up'], set_up
423, None, None, , ['create'], , None, , , None, None, , , , , , ["I don't know"], new
424, None, None, , ['write'], , None, , , None, None, , , , , , ['write'], unicode
425, None, None, , ['assign'], , None, , , None, None, , , , , , ["I don't know"], init
426, None, None, , ['print'], , None, , , None, None, , , , , , ["I don't know"], test_containment
427, None, None, , ['print'], , None, , , None, None, , , , , , ["I don't know"], test_ker
428, None, None, , ['print'], , None, , , None, None, , , , , , ["I don't know"], create
429, None, None, , ['init'], , None, , , None, None, , , , , , ["I don't know"], init
430, None, None, , ['validate'], , None, , , None, None, , , , , , ["I don't know"], init
431, None, None, , ['repr'], , None, , , None, None, , , , , , ['repr'], repr
432, None, None, , ['init'], , None, , , None, None, , , , , , ["I don't know"], init
433, None, None, , ['init'], , None, , , None, None, , , , , , ["I don't know"], init
434, None, None, , ['init'], , None, , , None, None, , , , , , ["I don't know"], init
435, None, None, , ['init'], , None, , , None, None, , , , , , ['init'], init
436, None, None, , ['run'], , None, , , None, None, , , , , , ['run'], test_stoponfirsterror
437, None, None, , ['init'], , None, , , None, None, , , , , , ['append'], init
438, None, None, , ['delete'], , None, , , None, None, , , , , , ['delete'], delete
439, None, None, , ['print'], , None, , , None, None, , , , , , ["I don't know"], init
440, None, None, , ['write'], , None, , , None, None, , , , , , ['write'], create
441, None, None, , ['hash'], , None, , , None, None, , , , , , ["I don't know"], test_shahashresponseextra
442, None, None, , ['write'], , None, , , None, None, , , , , , ['write'], exit
443, None, None, , ['initialize'], , None, , , None, None, , , , , , ['init'], init
444, None, None, , ['convert'], , None, , , None, None, , , , , , ['convert'], init
445, None, None, , ['create'], , None, , , None, None, , , , , , ['create'], create
446, None, None, , ['init'], , None, , , None, None, , , , , , ["I don't know"], init
447, None, None, , ['init'], , None, , , None, None, , , , , , ['init'], init
448, None, None, , ['init'], , None, , , None, None, , , , , , ['init'], init
449, None, None, , ['get_queryset'], , None, , , None, None, , , , , , ['get_queryset'], get_queryset
450, None, None, , ['init'], , None, , , None, None, , , , , , ['init'], init
451, None, None, , ['save'], , None, , , None, None, , , , , , ["I don't know"], init
452, None, None, , ['init'], , None, , , None, None, , , , , , ["I don't know"], init
453, None, None, , ['get_constant_default_population'], , None, , , None, None, , , , , , ["I don't know"], init
454, None, None, , ['init'], , None, , , None, None, , , , , , ['init'], init
455, None, None, , ['initialize'], , None, , , None, None, , , , , , ["I don't know"], init
456, None, None, , ['print'], , None, , , None, None, , , , , , ["I don't know"], init
457, None, None, , ['save'], , None, , , None, None, , , , , , ["I don't know"], repr
458, None, None, , ['write'], , None, , , None, None, , , , , , ["I don't know"], unicode
459, None, None, , ['init'], , None, , , None, None, , , , , , ["I don't know"], set_up
460, None, None, , ['write'], , None, , , None, None, , , , , , ["I don't know"], repr
461, None, None, , ['print'], , None, , , None, None, , , , , , ["I don't know"], get
462, None, None, , ['geometry'], , None, , , None, None, , , , , , ["I don't know"], minpore
463, None, None, , ['write'], , None, , , None, None, , , , , , ['write'], test_writeaddstimestamp
464, None, None, , ['init'], , None, , , None, None, , , , , , ["I don't know"], init
465, None, None, , ['add'], , None, , , None, None, , , , , , ['add'], test_weight2
466, None, None, , ['create'], , None, , , None, None, , , , , , ["I don't know"], init
467, None, None, , ['open_file'], , None, , , None, None, , , , , , ['load'], init
468, None, None, , ['wrap'], , None, , , None, None, , , , , , ['wrap'], convert
469, None, None, , ['exported'], , None, , , None, None, , , , , , ['exported'], create
470, None, None, , ['init'], , None, , , None, None, , , , , , ['init'], init
471, None, None, , ['create'], , None, , , None, None, , , , , , ["I don't know"], new
472, None, None, , ['close'], , None, , , None, None, , , , , , ['close'], close
473, None, None, , ['print'], , None, , , None, None, , , , , , ["I don't know"], create
474, None, None, , ['presence'], , None, , , None, None, , , , , , ["I don't know"], test_unavailablereceivednotinroom
475, None, None, , ['delete'], , None, , , None, None, , , , , , ['delete'], backwards
476, None, None, , ['parse_file'], , None, , , None, None, , , , , , ["I don't know"], set_up
477, None, None, , ['print'], , None, , , None, None, , , , , , ["I don't know"], showcontents
478, None, None, , ['output_unchecked'], , None, , , None, None, , , , , , ["I don't know"], str
479, None, None, , ['convert'], , None, , , None, None, , , , , , ['init'], init
480, None, None, , ['print'], , None, , , None, None, , , , , , ["I don't know"], len
481, None, None, , ['validate'], , None, , , None, None, , , , , , ["I don't know"], eq
482, None, None, , ['init'], , None, , , None, None, , , , , , ['init'], initscr
483, None, None, , ['cache'], , None, , , None, None, , , , , , ["I don't know"], init
484, None, None, , ['converts'], , None, , , None, None, , , , , , ["I don't know"], set_up
485, None, None, , ['print'], , None, , , None, None, , , , , , ["I don't know"], init
486, None, None, , ['jacobian'], , None, , , None, None, , , , , , ["I don't know"], linearize
487, None, None, , ['delete'], , None, , , None, None, , , , , , ['delete'], tear_down
488, None, None, , ['write'], , None, , , None, None, , , , , , ['write'], get_queryset
489, None, None, , ['get'], , None, , , None, None, , , , , , ["I don't know"], init
490, None, None, , ['init'], , None, , , None, None, , , , , , ["I don't know"], init
491, None, None, , ['compile'], , None, , , None, None, , , , , , ["I don't know"], run
492, None, None, , ['append'], , None, , , None, None, , , , , , ["I don't know"], set_up
493, None, None, , ['parse_file'], , None, , , None, None, , , , , , ["I don't know"], test_hostvars
494, None, None, , ['calculate_model_predictions'], , None, , , None, None, , , , , , ["I don't know"], calculate_model_predictions
495, None, None, , ['init'], , None, , , None, None, , , , , , ["I don't know"], init
496, None, None, , ['mock'], , None, , , None, None, , , , , , ["I don't know"], set_up
497, None, None, , ['get'], , None, , , None, None, , , , , , ["I don't know"], set_up
498, None, None, , ['parse_file'], , None, , , None, None, , , , , , ['init'], set_up
499, None, None, , ['init'], , None, , , None, None, , , , , , ['init'], init
